Date,EOS,IWF,IWM,MTUM,SPY,VLUE,VXX
2018-09-24,1.0,-0.2897701667417756,-0.30419107706173953,-0.1576812694196058,-0.3440857664666398,-0.27615568890680964,0.0
2018-09-25,1.0,-0.28989872637146313,-0.30403434290728837,-0.15791096458980622,-0.3439271399093992,-0.2759528496549107,0.0
2018-09-26,1.0,-0.2898681339531354,-0.3040034152357461,-0.15785978559908925,-0.34394269993359267,-0.2759937387344654,0.0
2018-09-27,1.0,-0.29251232928679816,-0.2982264795144158,-0.15959313353566007,-0.3444613050075872,-0.2762234446130501,0.0
2018-09-28,1.0,-0.29110742233815506,-0.29959686981266304,-0.15987668958975573,-0.3444154612283614,-0.2763813137301399,0.0
2018-10-01,1.0,-0.2913583760197306,-0.2993265035097704,-0.1598605577689243,-0.3445503699487763,-0.27637070764560806,0.0
2018-10-02,1.0,-0.29184254209153426,-0.294379890917714,-0.16165520512212472,-0.34569599241166704,-0.2777804126156035,0.0
2018-10-03,1.0,-0.29157974587521335,-0.2907026360705481,-0.16112744168405083,-0.3470036032619003,-0.2801536127441684,0.0
2018-10-04,1.0,-0.29336208735218144,-0.2875559873924687,-0.16140957888001517,-0.34936132900443156,-0.2781714339881982,0.0
2018-10-05,1.0,-0.2911278693175102,-0.28469776128223917,-0.15869601191461194,-0.35063000874683814,-0.27888229592681024,0.0
2018-10-08,1.0,-0.2958459737715883,-0.29500991328858417,-0.16147911043164606,-0.35224422521080667,-0.2841650144519026,0.0
2018-10-09,1.0,-0.2951223007834894,-0.2951461876552647,-0.15954041658704377,-0.3532868335562775,-0.2855914389451557,0.0
2018-10-10,1.0,-0.2962432232332641,-0.29399823266700104,-0.1608750686632753,-0.35389649160516823,-0.2832509374029758,0.0
2018-10-11,1.0,-0.28456739258387287,-0.2887580929958799,-0.14490876986462625,-0.3505120659211301,-0.2855562095350206,0.0
2018-10-12,1.0,-0.2838528781131453,-0.289295728187366,-0.142197403454207,-0.3536674442166773,-0.28717513724935795,0.0
2018-10-15,1.0,-0.2900330656589514,-0.28150684931506853,-0.1485356636750118,-0.3551724137931035,-0.2866084081247048,0.0
2018-10-16,1.0,-0.2894426074633916,-0.28375059045819556,-0.14685876239962212,-0.35521965044874826,-0.2865375531412376,0.0
2018-10-17,1.0,-0.2841385447647596,-0.2700405142736704,-0.14196388843352614,-0.35502681436031946,-0.29071918690428794,0.0
2018-10-18,1.0,-0.2828995150294028,-0.2682332544572781,-0.1430546119063796,-0.35749595857835675,-0.2911932150973455,0.0
2018-10-19,1.0,-0.27916734655819486,-0.26196414834844634,-0.13963029441245717,-0.35942562763700786,-0.2908692510314926,0.0
2018-10-22,1.0,-0.2803198060651267,-0.25901494137665787,-0.13626721987832452,-0.36211277126407304,-0.29323325796601474,0.0
2018-10-23,1.0,-0.27979757934749655,-0.25953219374548164,-0.13469835125113686,-0.36372752501107714,-0.2942795177351274,0.0
2018-10-24,1.0,-0.2796875,-0.25986473880597016,-0.1347714552238806,-0.3638992537313433,-0.29384328358208955,0.0
2018-10-25,1.0,-0.2719340654280913,-0.2459654211847043,-0.13405621935216522,-0.36544881092156456,-0.2848032783111173,0.0
2018-10-26,1.0,-0.26621355668451646,-0.24204769096983844,-0.12538331273742506,-0.37198498787129847,-0.2828275893633576,0.0
2018-10-29,1.0,-0.26580397357049773,-0.2414778572898329,-0.12412263654861794,-0.37232218386337135,-0.28256247285031666,0.0
2018-10-30,1.0,-0.2691480600292826,-0.24142112005856514,-0.12614385065885797,-0.3719116032210834,-0.2790538067349927,0.0
2018-10-31,1.0,-0.27279765021972263,-0.22819280949019785,-0.12707484232336802,-0.371980236344179,-0.27685056581434003,0.0
2018-11-01,1.0,-0.2731475155986701,-0.2278088992120964,-0.12747643120644897,-0.3719315024821242,-0.2768365441544838,0.0
2018-11-02,1.0,-0.27331299517348145,-0.2271878699571988,-0.12742464256442945,-0.3720517257080412,-0.2767052181039978,0.0
2018-11-05,1.0,-0.27006102559431644,-0.23720284178886966,-0.12708352308953455,-0.37341743328171967,-0.26933236178158304,0.0
2018-11-06,1.0,-0.27567432112265355,-0.24179879715691632,-0.12411153635866594,-0.37128667760160383,-0.26521778749772185,0.0
2018-11-07,1.0,-0.27499202987657695,-0.2415858268433757,-0.12522202486678508,-0.37054242382839186,-0.2648358154574851,0.0
2018-11-08,1.0,-0.27763830564177466,-0.2416240642687603,-0.12657476720832572,-0.3723753879861238,-0.264081614022275,0.0
2018-11-09,1.0,-0.2754445792232165,-0.2439521204769643,-0.12713707001121463,-0.3767193829675234,-0.26542009017462753,0.0
2018-11-12,1.0,-0.2755469018440041,-0.2458824876875501,-0.1267666933913641,-0.37658916504409573,-0.26590310388271676,0.0
2018-11-13,1.0,-0.2749594202235888,-0.24423309938044396,-0.12448275073729452,-0.3779063121556434,-0.2646030040465467,0.0
2018-11-14,1.0,-0.2750840134421508,-0.24408476784857008,-0.12452278078778319,-0.37788903367395926,-0.26449946277118624,0.0
2018-11-15,1.0,-0.2751166620916827,-0.24409827065605272,-0.12427944002195994,-0.37787080245219146,-0.26612681855613507,0.0
2018-11-16,1.0,-0.27398762076605077,-0.24027590617362904,-0.12260466391065025,-0.37786355434757785,-0.2692597583536989,0.0
2018-11-19,1.0,-0.2742469569983329,-0.2390783073374592,-0.126470118066181,-0.3756651213775149,-0.2682180456278974,0.0
2018-11-20,1.0,-0.2765947724364833,-0.2391244745019192,-0.12744470846280387,-0.37582251873514894,-0.2657877901663316,0.0
2018-11-21,1.0,-0.27665798254033547,-0.23906485671191552,-0.12605694958636135,-0.37695964166552404,-0.26655697243932536,0.0
2018-11-23,1.0,-0.27626832275446367,-0.23142609251564,-0.12852185031279967,-0.3798118635554135,-0.2672039819169825,0.0
2018-11-26,1.0,-0.2761824324324324,-0.2338842220598977,-0.12783053323593863,-0.3787664353542732,-0.2660244704163623,0.0
2018-11-27,1.0,-0.2752817943754981,-0.2350677445064329,-0.12403506774450643,-0.37807127405214624,-0.2646476147102357,0.0
2018-11-28,1.0,-0.2758683521239039,-0.23072542990547773,-0.12513381163876552,-0.3800022776449151,-0.26591504384466463,0.0
2018-11-29,1.0,-0.27540587927226357,-0.23063961563859098,-0.1250540792859257,-0.3797618234396703,-0.26616116765717146,0.0
2018-11-30,1.0,-0.2773471341936072,-0.23268432812001275,-0.12247503533810587,-0.3836122383840226,-0.26373626373626374,0.0
2018-12-03,1.0,-0.2773964011220836,-0.23260428307523887,-0.12324674436107372,-0.383561018997879,-0.263826487559012,0.0
2018-12-04,1.0,-0.2818845722396465,-0.23296169959478952,-0.11993773036331586,-0.38813213983196354,-0.26640873606373483,0.0
2018-12-06,1.0,-0.27990996316675004,-0.22193169933154475,-0.12468737210677096,-0.38715838297485333,-0.25996998772225,0.0
2018-12-07,1.0,-0.2773717642237552,-0.22382350932313366,-0.12121212121212122,-0.3896819434009517,-0.26462217972360724,0.0
2018-12-10,1.0,-0.2731374416179204,-0.223552351154038,-0.11980229447240738,-0.39055910760440754,-0.26025937514170405,0.0
2018-12-11,1.0,-0.2660498317723015,-0.23004001091206694,-0.11287169227971265,-0.391424934072929,-0.2729835409657179,0.0
2018-12-12,1.0,-0.2656601714376663,-0.23037220617994134,-0.11252586344103135,-0.39139628475932786,-0.2737545758395671,0.0
2018-12-13,1.0,-0.2649578476151521,-0.22873633740086805,-0.1135273933692367,-0.39232394846274454,-0.27279750948712705,0.0
2018-12-14,1.0,-0.2651508268217336,-0.2248773396329275,-0.11566418317281482,-0.39346719970924954,-0.2723287297837543,0.0
2018-12-17,1.0,-0.26556572700633757,-0.22458714762737658,-0.11530336415055766,-0.394430184221884,-0.2716534538763828,0.0
2018-12-18,1.0,-0.26678654345154096,-0.22649883916784266,-0.11505895206446032,-0.3964583238494105,-0.27136158783629993,0.0
2018-12-19,1.0,-0.27032011292746233,-0.2258776922726652,-0.11449842903328629,-0.39510951231728975,-0.27098037429989524,0.0
2018-12-20,1.0,-0.2682621937360789,-0.22278285376608029,-0.11814173371516887,-0.3944724760216373,-0.2691713259693622,0.0
2018-12-21,1.0,-0.26965518823556406,-0.22641033288214918,-0.11484548854068687,-0.3995962284062493,-0.2836495446098786,0.0
2018-12-24,1.0,-0.2669444953288148,-0.22275141967393297,-0.11586371130243635,-0.39885968126030413,-0.28537735849056606,0.0
2018-12-26,1.0,-0.2709433618648698,-0.22798670551812056,-0.11209251502458568,-0.38699690402476783,-0.27843289018393735,0.0
2018-12-27,1.0,-0.2608451084510845,-0.22131221312213123,-0.11459364593645938,-0.37226622266222664,-0.2809828098280983,0.0
2018-12-28,1.0,-0.26171444011618744,-0.22044088176352705,-0.11472382968183559,-0.37279052486996467,-0.282002206660512,0.0
2018-12-31,1.0,-0.25519536378865393,-0.2335763118576538,-0.11427536559967401,-0.3768053606193688,-0.2839226694435641,0.0
2019-01-02,1.0,-0.255697356426618,-0.23716955332725614,-0.11866453965360071,-0.38263445761166814,-0.2847766636280766,0.0
2019-01-03,1.0,-0.2557651991614256,-0.23694284933005197,-0.11942849330051955,-0.3826223680612524,-0.283998723908486,0.0
2019-01-04,1.0,-0.23062764168522473,-0.2495796027814389,-0.116188701540699,-0.37919829114211695,-0.29682316047811663,0.0
2019-01-07,1.0,-0.2103503970568442,-0.23318677374489657,-0.13538068105343443,-0.3776975189555386,-0.28662120328413115,0.0
2019-01-08,1.0,-0.20876557191392978,-0.2546092865232163,-0.12779161947904868,-0.37723669309173274,-0.2966251415628539,0.0
2019-01-09,1.0,-0.20995140118998956,-0.26118453921969387,-0.12744697279375028,-0.37832129717945223,-0.29404551028750514,0.0
2019-01-10,1.0,-0.20956341901320424,-0.26274402854480583,-0.12711074748301174,-0.3781277698234131,-0.29515238290038864,0.0
2019-01-11,1.0,-0.21148634800628513,-0.25960421742991824,-0.1258852731537358,-0.3801380001366338,-0.3001161387288502,0.0
2019-01-14,1.0,-0.2111941318511094,-0.2598068249122967,-0.1266800309809103,-0.3791744498610415,-0.30112989202241564,0.0
2019-01-15,1.0,-0.20942694912548745,-0.2602558547875858,-0.12879392515905413,-0.37837776206872964,-0.303491209267325,0.0
2019-01-16,1.0,-0.21065839302824294,-0.2606196103481316,-0.12887256467582242,-0.37947711821873426,-0.3017292512661404,0.0
2019-01-17,1.0,-0.21279700825466322,-0.2572171295662881,-0.12922424408263786,-0.378916404432891,-0.3021617184293337,0.0
2019-01-18,1.0,-0.2119855661627004,-0.25645183391951765,-0.13175444205910564,-0.3780660485086557,-0.305531448408167,0.0
2019-01-22,1.0,-0.1960903133135829,-0.2388454978005207,-0.08779962294640453,-0.4441601580034114,-0.2774710476703474,0.0
2019-01-23,1.0,-0.1864501429592566,-0.2390100071479628,-0.09739099356683345,-0.4461445675482487,-0.26474267333809864,0.0
2019-01-24,1.0,-0.1952887537993921,-0.23759610227069553,-0.09055962810656178,-0.447724834614697,-0.26374485964598604,0.0
2019-01-25,1.0,-0.1830521403571749,-0.2218208740913578,-0.06497352598043615,-0.5305573005474289,-0.24315713901103833,0.0
2019-01-28,1.0,-0.16965006729475102,-0.2085464333781965,-0.08656348138178556,-0.5393449977568416,-0.23905338716913416,0.0
2019-01-29,1.0,-0.1752507910859759,-0.20956484660786823,-0.08424785116362575,-0.5433021387374044,-0.2318723490203999,0.0
2019-01-30,1.0,-0.1710641546718164,-0.20930545887319515,-0.08366829093032134,-0.5458424090000673,-0.23564547638829633,0.0
2019-01-31,1.0,-0.16756562387630347,-0.21138978784609852,-0.08459187342682488,-0.5470154620640058,-0.23683027687882055,0.0
2019-02-01,1.0,-0.16567224440357095,-0.21078013548068728,-0.08754654344802835,-0.5411376788838544,-0.23792113408999147,0.0
2019-02-04,1.0,-0.1594691100181904,-0.21091872712165105,-0.09063756203822228,-0.5395584899728266,-0.24514361427384398,0.0
2019-02-05,1.0,-0.15784392959770113,-0.20947826867816094,-0.09397449712643678,-0.5367726293103449,-0.24687948994252873,0.0
2019-02-06,1.0,-0.1722578467769153,-0.2030374620317246,-0.08237147035662053,-0.5460681741478232,-0.246214422319721,0.0
2019-02-07,1.0,-0.1722144752822635,-0.19958616346543115,-0.0842517205703747,-0.5435877828257838,-0.24947145877378435,0.0
2019-02-08,1.0,-0.1706059787502251,-0.19901404646137222,-0.0848865478119935,-0.5464613722312264,-0.2500900414190528,0.0
2019-02-11,1.0,-0.17083323957606714,-0.20046803627281112,-0.08656420872617626,-0.5468823833847123,-0.24542652055534303,0.0
2019-02-12,1.0,-0.17389737351894402,-0.20025228634500158,-0.08417804207775825,-0.5477542010181556,-0.24645222327341532,0.0
2019-02-13,1.0,-0.14978840888003803,-0.21061802711081942,-0.10185792844373034,-0.5567901513951437,-0.2439521147796963,0.0
2019-02-14,1.0,-0.14711810666968633,-0.20278564149020495,-0.11158419205073039,-0.5597554070886649,-0.243505831729136,0.0
2019-02-15,1.0,-0.14718752125512957,-0.2139342961434693,-0.10581086902305757,-0.5600018137710567,-0.24027932074273925,0.0
2019-02-19,1.0,-0.15697805926261027,-0.20771318706175074,-0.1049536304003619,-0.5550101786926035,-0.23729925356254242,0.0
2019-02-20,1.0,-0.15052177858439203,-0.21295372050816694,-0.10222323049001815,-0.5575998185117967,-0.2453266787658802,0.0
2019-02-21,1.0,-0.15055471107380267,-0.2076593234566781,-0.10066474578578397,-0.5597250266578941,-0.2501758286634753,0.0
2019-02-22,1.0,-0.15145463622747696,-0.20766577406617345,-0.09860209685471794,-0.5606817047156538,-0.2509190759315572,0.0
2019-02-25,1.0,-0.14627157573965843,-0.20710435949332545,-0.10101653287244446,-0.5665976849430332,-0.2531326040979692,0.0
2019-02-26,1.0,-0.1448459110212795,-0.20325664842277383,-0.10378579701587445,-0.5688915131832943,-0.25026684532055504,0.0
2019-02-27,1.0,-0.14534395497151675,-0.20115294705067974,-0.1045141962279567,-0.5654887542270942,-0.2530809559474365,0.0
2019-02-28,1.0,-0.14444747364594693,-0.20572064703744095,-0.10225826972010178,-0.5712241003271538,-0.24827335514358415,0.0
2019-03-01,1.0,-0.1430193993912135,-0.20680568806505836,-0.10392531007223661,-0.5718731543319249,-0.24596792512834492,0.0
2019-03-04,1.0,-0.1366391935154281,-0.20856889857639124,-0.10689553391004246,-0.5650841223349908,-0.25332061848647913,0.0
2019-03-05,1.0,-0.1462455087096921,-0.20302906262791648,-0.0984672761177059,-0.5721107927411653,-0.2542184017828717,0.0
2019-03-06,1.0,-0.1450867972607103,-0.2042181421063409,-0.09787727800150162,-0.5718836029395036,-0.25611448592815056,0.0
2019-03-07,1.0,-0.13989779156780435,-0.21580124110239093,-0.09317393684979011,-0.5709299142179229,-0.261612520532944,0.0
2019-03-08,1.0,-0.1250372954488077,-0.21064469486585113,-0.10224690734662964,-0.5981730967845585,-0.2589795965206215,0.0
2019-03-11,1.0,-0.12121909672667004,-0.2121679480686893,-0.10432300538649233,-0.5963123244786153,-0.26787440725565126,0.0
2019-03-12,1.0,-0.10532148216553158,-0.19559044211012352,-0.1251298626341914,-0.598961098926469,-0.28364307976451575,0.0
2019-03-13,1.0,-0.11057892544773011,-0.19915313064001108,-0.13748900920912582,-0.5847332130130963,-0.2818732935351011,0.0
2019-03-14,1.0,-0.10687198875031696,-0.2054450310057862,-0.1347195647663616,-0.5762004656631089,-0.28202586504990895,0.0
2019-03-15,1.0,-0.1077402237859038,-0.20290690967816358,-0.13618641135079018,-0.5757757526819702,-0.28448494636059524,0.0
2019-03-18,1.0,-0.10149053372216822,-0.20587418414109152,-0.14761838633523122,-0.5715872795445077,-0.28792297366106556,0.0
2019-03-19,1.0,-0.09967524936209697,-0.20906982138714916,-0.1438877290651821,-0.5739271630712132,-0.2930874507074924,0.0
2019-03-20,1.0,-0.1116250958878635,-0.20135289058323066,-0.14237894883656058,-0.5645180036727957,-0.30467932773890605,0.0
2019-03-21,1.0,-0.12550122136700928,-0.19283771950039177,-0.14126376918467992,-0.5403742452873669,-0.30448909987555883,0.0
2019-03-22,1.0,-0.11083123425692695,-0.19090425900677097,-0.15658724839969496,-0.5549649897164514,-0.29759896471240727,0.0
2019-03-25,1.0,-0.10250344510794672,-0.1622416169039963,-0.18491042719338538,-0.5501148369315572,-0.2969683050068902,0.0
2019-03-26,1.0,-0.09353961080881676,-0.16028774324448952,-0.1947800424236835,-0.5465968827815181,-0.31045374896246425,0.0
2019-03-27,1.0,-0.10058640910658848,-0.16412556053811658,-0.1908934115212142,-0.5402092675635276,-0.30382890651948946,0.0
2019-03-28,1.0,-0.09979769184790105,-0.16467423789599522,-0.1915720263000598,-0.5392201940319096,-0.30371511333854434,0.0
2019-03-29,1.0,-0.09299705720066212,-0.16003770461651648,-0.20084605480963766,-0.5375206915578444,-0.30768346514622036,0.0
2019-04-01,1.0,-0.08985334281976544,-0.16361800280002756,-0.2041265979665374,-0.5378118473296459,-0.2996947510959124,0.0
2019-04-02,1.0,-0.08704513706002244,-0.16458652987381778,-0.21109762520896785,-0.5339501225181488,-0.29335653926305905,0.0
2019-04-03,1.0,-0.09276391115182048,-0.16359056560567897,-0.20716739180215252,-0.5375085871307534,-0.28887107854362265,0.0
2019-04-04,1.0,-0.09723240469208211,-0.16287115102639296,-0.20268969941348974,-0.5365652492668622,-0.2917201246334311,0.0
2019-04-05,1.0,-0.1025458878526089,-0.15898622791539677,-0.2059854717110841,-0.535484314489333,-0.28854923348381034,0.0
2019-04-08,1.0,-0.10276951247425041,-0.1577019913023575,-0.2097047379262989,-0.5339436942092012,-0.2847104600595102,0.0
2019-04-09,1.0,-0.10956266617768406,-0.1512331530209957,-0.20972769780874667,-0.5377051434858348,-0.283854405427707,0.0
2019-04-10,1.0,-0.10837991386419865,-0.14471272793915513,-0.2128882983597544,-0.537203335471456,-0.28766150462750845,0.0
2019-04-11,1.0,-0.10921251546108388,-0.14318108937651747,-0.21334005222410554,-0.5372898437857895,-0.28750744422557145,0.0
2019-04-12,1.0,-0.10986998718183483,-0.1445019227247757,-0.21280443142281633,-0.5341741439296832,-0.2876304706097784,0.0
2019-04-15,1.0,-0.10519081871077107,-0.14630961652998578,-0.21484858203142898,-0.533147019746186,-0.2912447885646218,0.0
2019-04-16,1.0,-0.10743479953289219,-0.1470931696929453,-0.21812103588029216,-0.5287935337622788,-0.28832459414283423,0.0
2019-04-17,1.0,-0.10605852452259926,-0.14564729587397535,-0.2208865686678573,-0.5307734578925676,-0.2863488574437881,0.0
2019-04-18,1.0,-0.1100148792491702,-0.14274922742360077,-0.21920567700583724,-0.5286711685933386,-0.2884743046812407,0.0
2019-04-22,1.0,-0.11021099363815279,-0.14334752162570372,-0.21978122568538608,-0.5268204494484874,-0.2882511785436404,0.0
2019-04-23,1.0,-0.11235955056179775,-0.14341289274354105,-0.2194787066065585,-0.5279525847273393,-0.2851781505297604,0.0
2019-04-24,1.0,-0.11511976390382284,-0.14085699251904554,-0.21703918922010476,-0.5292489304751664,-0.2854659010317769,0.0
2019-04-25,1.0,-0.1212211160836606,-0.14165677230797333,-0.20958535026029773,-0.5252534478034523,-0.28559685816056257,0.0
2019-04-26,1.0,-0.12267105594037904,-0.13727910751434516,-0.20650161168644124,-0.5294561415540773,-0.29017214182840684,0.0
2019-04-29,1.0,-0.1238567770257911,-0.13131059081763308,-0.20337936711176147,-0.5301810865191147,-0.29774099140296323,0.0
2019-04-30,1.0,-0.12429765657119365,-0.14069709012836326,-0.19999086382531633,-0.5298524507788589,-0.2891827691745466,0.0
2019-05-01,1.0,-0.1262253225732914,-0.1503442301554735,-0.19641635891122966,-0.517690238453472,-0.28897095700542563,0.0
2019-05-02,1.0,-0.12578315448932634,-0.15407923814731278,-0.19451848814161712,-0.5050919280978744,-0.2988175791128426,0.0
2019-05-03,1.0,-0.12870587699108996,-0.14477132374723697,-0.19488184490577218,-0.5095139347811226,-0.30091379349634256,0.0
2019-05-06,1.0,-0.1231857682333136,-0.13057918922607942,-0.19866690932253514,-0.5055735019791618,-0.31689339824377816,0.0
2019-05-07,1.0,-0.11959316480465995,-0.13181187285262463,-0.20173382784591232,-0.5054722519283715,-0.31675350974993743,0.0
2019-05-08,1.0,-0.1253885069987976,-0.13434969032872796,-0.20930601873908208,-0.4835409151750266,-0.31606887633567005,0.0
2019-05-09,1.0,-0.12282054188867476,-0.1329781203945131,-0.21065638816460722,-0.484661602992858,-0.316177304160526,0.0
2019-05-10,1.0,-0.12091251303914011,-0.1314118554129439,-0.2096920495260556,-0.48897909202231393,-0.3166810286180779,0.0
2019-05-13,1.0,-0.11428506653970846,-0.13185517694801516,-0.21746128907932624,-0.4918950781019747,-0.3116144097576458,0.0
2019-05-14,1.0,-0.09916719471349687,-0.11896895084638363,-0.23961256449714854,-0.489589933918711,-0.31571919978274643,0.0
2019-05-15,1.0,-0.08388075929869071,-0.12173243328953925,-0.2526842749059937,-0.49997734789108866,-0.3069587278575635,0.0
2019-05-16,1.0,-0.06857634954448624,-0.12588949825499707,-0.26501382404931334,-0.4986855821964375,-0.3080950006798713,0.0
2019-05-17,1.0,-0.06658200290275762,-0.1214849419448476,-0.2703193033381713,-0.4908381712626995,-0.3185549709724238,0.0
2019-05-20,1.0,-0.06883425852498018,-0.11750311544125977,-0.2753143763453042,-0.48539707714965447,-0.3187039764359352,0.0
2019-05-21,1.0,-0.049012717916166036,-0.1206728480424384,-0.290879825893768,-0.48511709097504024,-0.3213257464124595,0.0
2019-05-22,1.0,-0.04109433791196337,-0.11090711274309806,-0.3060655514755882,-0.4889160886712906,-0.3196654426764586,0.0
2019-05-23,1.0,-0.03889631425141019,-0.10925854608884762,-0.3204585098430102,-0.4933511542033845,-0.3034229662687176,0.0
2019-05-24,1.0,-0.03423076923076923,-0.10445701357466064,-0.3268325791855204,-0.4939819004524887,-0.3029638009049774,0.0
2019-05-28,1.0,-0.03493736149427887,-0.10015376961693276,-0.3291800461308851,-0.49427886572294333,-0.30274523992582875,0.0
2019-05-29,1.0,-0.0343463121240899,-0.10028037805815584,-0.3294442183331072,-0.49509338398227287,-0.30192646859313527,0.0
2019-05-30,1.0,-0.03495268710100964,-0.10148503644677864,-0.3266401050391633,-0.4994340562321728,-0.3012631864897904,0.0
2019-05-31,1.0,-0.036803007655025595,-0.09906237260497351,-0.33084205281514695,-0.5013135842732255,-0.2967794537301264,0.0
2019-06-03,1.0,-0.03397167138810198,-0.09547875354107649,-0.3315127478753541,-0.5036600566572238,-0.3016883852691218,0.0
2019-06-04,1.0,-0.05162502263262719,-0.09625656346188664,-0.329961071881224,-0.5018558754300199,-0.2835641861307261,0.0
2019-06-05,1.0,-0.04698424117078434,-0.09444057280309331,-0.3420632601218443,-0.5094755299777443,-0.2550637322123058,0.0
2019-06-06,1.0,-0.04441892926291143,-0.09237246161466071,-0.35264982664685485,-0.5156468098518618,-0.24627403304966455,0.0
2019-06-07,1.0,-0.04465774413050336,-0.09348384480194674,-0.35527916722995806,-0.5123924113379298,-0.24735253030507864,0.0
2019-06-10,1.0,-0.04068811780865101,-0.09367048704149872,-0.3493503861655896,-0.5177771272882844,-0.2502082817320033,0.0
2019-06-11,1.0,-0.03781626302259505,-0.09304108600550218,-0.3526811888332657,-0.5197312046182293,-0.2517025210842015,0.0
2019-06-12,1.0,-0.0387567152724482,-0.09182429687147307,-0.34921673965058003,-0.5209697079138639,-0.2564444043158322,0.0
2019-06-13,1.0,-0.042577701481749185,-0.100650524033249,-0.3534288037585833,-0.5104580773400795,-0.25167148536320927,0.0
2019-06-14,1.0,-0.04707554192136783,-0.09020368574199805,-0.369499018789615,-0.5155978616380574,-0.2332799494733043,0.0
2019-06-17,1.0,-0.04779519566933574,-0.08704184053231082,-0.36927935040036086,-0.5187098229389873,-0.23268298184278785,0.0
2019-06-18,1.0,-0.05378702238299796,-0.10192177255256613,-0.36158715803753105,-0.5204838345014695,-0.22312909789735472,0.0
2019-06-19,1.0,-0.057548917709792584,-0.09471733923810385,-0.3654706493741245,-0.5170138731980659,-0.2247051380541371,0.0
2019-06-20,1.0,-0.0608267004341534,-0.09662174384949347,-0.35928455137481907,-0.5187228654124457,-0.2257371562952243,0.0
2019-06-21,1.0,-0.06378312381296916,-0.10149678936420367,-0.35660667450483857,-0.5111241747309397,-0.22800036176177987,0.0
2019-06-24,1.0,-0.06505441900374836,-0.10495416158605429,-0.3551912568306011,-0.5109741227475952,-0.22187598789685228,0.0
2019-06-25,1.0,-0.0635665914221219,-0.10334085778781038,-0.3572686230248307,-0.5117155756207675,-0.2214446952595937,0.0
2019-06-26,1.0,-0.0616748055706276,-0.1018945559775728,-0.35695876288659795,-0.5139717851329354,-0.2262841381805028,0.0
2019-06-27,1.0,-0.06763973749717131,-0.09588142113600362,-0.3558271102059289,-0.5095723014256619,-0.2340122199592668,0.0
2019-06-28,1.0,-0.06267393714505509,-0.10177161345792701,-0.3588478856030952,-0.5058488132678689,-0.2334547593728081,0.0
2019-07-01,1.0,-0.05321557971014493,-0.10341938405797102,-0.3630434782608695,-0.506159420289855,-0.2386322463768116,0.0
2019-07-02,1.0,-0.04118951704159689,-0.10958222061286381,-0.3644593310098221,-0.5054542162675961,-0.24245236047616894,0.0
2019-07-03,1.0,-0.04087730019691723,-0.10864398723433151,-0.36558701704352553,-0.5058735655598561,-0.24243453068060933,0.0
2019-07-05,1.0,-0.04188067063375342,-0.09532321198271376,-0.371224291241487,-0.5079077765459195,-0.24623843247279228,0.0
2019-07-08,1.0,-0.04118019730292334,-0.09693184903611186,-0.3694904516245814,-0.507263100733098,-0.24775997827857724,0.0
2019-07-09,1.0,-0.038632045598480054,-0.09382068216773727,-0.3714602370397177,-0.5075092735004071,-0.25040712928616665,0.0
2019-07-10,1.0,-0.033838155515370706,-0.10232820976491862,-0.37527124773960213,-0.49938969258589505,-0.24957052441229655,0.0
2019-07-11,1.0,-0.04335541038450236,-0.0960012658513981,-0.37903207577024794,-0.49766043536246296,-0.24439973778792468,0.0
2019-07-12,1.0,-0.033548095399570474,-0.1008477449983045,-0.3821860517689612,-0.49666553634000227,-0.24738329377190008,0.0
2019-07-15,1.0,-0.03377263376811267,-0.11230417975902526,-0.3897416190067139,-0.4887763636774646,-0.23597893166353956,0.0
2019-07-16,1.0,-0.0226791108706434,-0.1083457324496145,-0.37165787456603094,-0.49436403805401513,-0.25733802245367243,0.0
2019-07-17,1.0,-0.021274677724691247,-0.10844676823221852,-0.37199134589380695,-0.49387000811322457,-0.25809068782114847,0.0
2019-07-18,1.0,-0.017247979104275966,-0.10891445812974264,-0.37279052486996467,-0.4980522843439688,-0.25468915358807503,0.0
2019-07-19,1.0,-0.024921206663665017,-0.10920756416028815,-0.37086897793786583,-0.4942818550202612,-0.2519585772174696,0.0
2019-07-22,1.0,-0.022139141010337603,-0.10565077363122452,-0.36787459741897705,-0.4937276187473255,-0.2627868741695007,0.0
2019-07-23,1.0,-0.016789867483998917,-0.10873974578563057,-0.3675741458577481,-0.495763093842964,-0.26480663481474803,0.0
2019-07-24,1.0,-0.016691444789836463,-0.10891111411451998,-0.3708384015857999,-0.49394062260665855,-0.2621975942694959,0.0
2019-07-25,1.0,-0.018011527377521614,-0.10509726224783862,-0.37139769452449567,-0.497928674351585,-0.2590057636887608,0.0
2019-07-26,1.0,-0.017245649188373822,-0.10504986829367134,-0.37165949974109014,-0.49861539500641644,-0.25879730733728074,0.0
2019-07-29,1.0,-0.01914975105323631,-0.10005181697343817,-0.3700182485862978,-0.49951562394394755,-0.2641313898213441,0.0
2019-07-30,1.0,-0.01616065994996281,-0.09962359411274145,-0.3722811999909843,-0.4987716095296053,-0.2670904050307661,0.0
2019-07-31,1.0,-0.00913437683251387,-0.11536379629211962,-0.3739455997113086,-0.49560196671027107,-0.26137850151111913,0.0
2019-08-01,1.0,-0.009328105988914424,-0.12511829119913478,-0.3733720877833356,-0.49098733720877835,-0.2543598756252535,0.0
2019-08-02,1.0,-0.0,-0.12257410120590555,-0.38032232615800743,-0.48991321988053643,-0.26121942973064355,0.0
2019-08-05,1.0,-0.0,-0.12205567451820128,-0.3770765242871633,-0.48971035726360873,-0.26516398061534996,0.0
2019-08-06,1.0,-0.0,-0.12365784626443237,-0.3787232130823487,-0.4761894065321892,-0.2677119367446875,0.0
2019-08-07,1.0,-0.0,-0.12345206466429504,-0.3821317602557752,-0.48007385058765256,-0.265884630972216,0.0
2019-08-08,1.0,-0.0,-0.12137738315229638,-0.3775409023301934,-0.4836390679226574,-0.27101455807454816,0.0
2019-08-09,1.0,-0.0,-0.11742356115107914,-0.3774730215827338,-0.4786645683453237,-0.2746402877697842,0.0
2019-08-12,1.0,-0.0,-0.11620485853614688,-0.3802782084990674,-0.479808535023259,-0.27092743657160834,0.0
2019-08-13,1.0,-0.0,-0.11303976826173849,-0.3803471582871129,-0.48085689264141196,-0.2713044259313318,0.0
2019-08-14,1.0,-0.0,-0.11712781449535117,-0.38075501288226726,-0.47440349501512263,-0.268107987005713,0.0
2019-08-15,1.0,-0.0,-0.12625139043381536,-0.3836040044493882,-0.46349276974416015,-0.2513681868743048,0.0
2019-08-16,1.0,-0.0,-0.1298629039437372,-0.3813095344075492,-0.4589602065343185,-0.2554526840559067,0.0
2019-08-19,1.0,-0.0,-0.12169453140611469,-0.38393392393259174,-0.4625324718577233,-0.2521370367903372,0.0
2019-08-20,1.0,-0.0,-0.12151938053293693,-0.38579130704887843,-0.4608062834194937,-0.25060460162854165,0.0
2019-08-21,1.0,-0.0,-0.12500554200842387,-0.388140101972955,-0.4594768344047883,-0.24418089115495456,0.0
2019-08-22,1.0,-0.0,-0.12440593293397288,-0.393443710073167,-0.45938239129954245,-0.23325007184066845,0.0
2019-08-23,1.0,-0.0,-0.127056895444378,-0.3953447168515935,-0.46351294487630945,-0.22877771133700975,0.0
2019-08-26,1.0,-0.0,-0.12396639544883244,-0.39732310202641613,-0.4605631628850521,-0.22317038213049323,0.0
2019-08-27,1.0,-0.0,-0.12402060040496522,-0.3941147988379259,-0.4576107051677084,-0.22515186195967957,0.0
2019-08-28,1.0,-0.0,-0.12477989082584962,-0.39326906145448143,-0.457540940306392,-0.22550184891706287,0.0
2019-08-29,1.0,-0.0,-0.1201980198019802,-0.3965236523652365,-0.46072607260726073,-0.22277227722772278,0.0
2019-08-30,1.0,-0.0,-0.11915276953837366,-0.39834772482587394,-0.45940720233779364,-0.2203106804649221,0.0
2019-09-03,1.0,-0.0,-0.12118148652806471,-0.4008395235374269,-0.4569689244428817,-0.21871566085007252,0.0
2019-09-04,1.0,-0.0,-0.10999538573092218,-0.4097251213992221,-0.45228626046450304,-0.2252642218364791,0.0
2019-09-05,1.0,-0.0,-0.11340296673395944,-0.4079039761256912,-0.45451154217501977,-0.21848942333011498,0.0
2019-09-06,1.0,-0.0,-0.11248739422107248,-0.4094137764721358,-0.45429034945411495,-0.2161178585521989,0.0
2019-09-09,1.0,-0.0,-0.11262387091116371,-0.4093221082171358,-0.4541348767868104,-0.21634657546259756,0.0
2019-09-10,1.0,-0.0,-0.11091626479614204,-0.4158702323542306,-0.4548882069267865,-0.21034633932485752,0.0
2019-09-11,1.0,-0.0,-0.11115982375764484,-0.41587934851706526,-0.45463513009930073,-0.21039479164383262,0.0
2019-09-12,1.0,-0.0,-0.11492615802620622,-0.41439151584206146,-0.4538104211402778,-0.20802839738814144,0.0
2019-09-13,1.0,-0.0,-0.11393320476858346,-0.41562938288920054,-0.4545494389901823,-0.20731065918653577,0.0
2019-09-16,1.0,-0.0,-0.11520929213236905,-0.41369712908174444,-0.45507341661187817,-0.20756081525312295,0.0
2019-09-17,1.0,-0.0,-0.12288042763878544,-0.41177759277921394,-0.4545633790474522,-0.20157297463085483,0.0
2019-09-18,1.0,-0.0,-0.12815963551934112,-0.411245454943707,-0.4520085863232137,-0.19895299426118193,0.0
2019-09-19,1.0,-0.0,-0.1317184283148627,-0.4124578387139165,-0.44447851417057255,-0.20154189846248194,0.0
2019-09-20,1.0,-0.0,-0.13045765386638614,-0.41530773277222516,-0.443735753112397,-0.20232772225144663,0.0
2019-09-23,1.0,-0.0,-0.1286632530776773,-0.40597014925373137,-0.44510295239132797,-0.19917202309619783,0.0
2019-09-24,1.0,-0.0,-0.1297248986353926,-0.4088808475389109,-0.443148624493177,-0.19815145834241618,0.0
2019-09-25,1.0,-0.0,-0.13364628820960697,-0.4063100436681223,-0.4414628820960699,-0.2019650655021834,0.0
2019-09-26,1.0,-0.0,-0.12488489366367024,-0.426200394650296,-0.44882701162025873,-0.19258934444200834,0.0
2019-09-27,1.0,-0.0,-0.12169138557115981,-0.4320558253489084,-0.44227151419696376,-0.19147307170669817,0.0
2019-09-30,1.0,-0.0,-0.1307202373162326,-0.4160886445927671,-0.44623304105047334,-0.1881952624002094,0.0
2019-10-01,1.0,-0.0,-0.13104622977310942,-0.4174437141047758,-0.44768851134452864,-0.18756141768392548,0.0
2019-10-02,1.0,-0.0,-0.13150583036163555,-0.4312061082062614,-0.45183661860902663,-0.173182524229364,0.0
2019-10-03,1.0,-0.0,-0.14956957611419855,-0.42931241146344123,-0.4425629290617849,-0.15789473684210528,0.0
2019-10-04,1.0,-0.0,-0.15946901882013886,-0.43037421946639887,-0.43445701061089037,-0.15898869045019867,0.0
2019-10-07,1.0,-0.0,-0.17057337051237365,-0.4348204949459742,-0.4177195887068665,-0.15534593935169047,0.0
2019-10-08,1.0,-0.0,-0.17314641473290085,-0.43769863729374375,-0.4110757978144456,-0.15494797335539204,0.0
2019-10-09,1.0,-0.0,-0.17511500737783176,-0.4298454995226108,-0.4171729884558632,-0.1478170297717212,0.0
2019-10-10,1.0,-0.0,-0.18147332621160261,-0.43896749438618676,-0.40715951950118817,-0.15252131068913644,0.0
2019-10-11,1.0,-0.0,-0.18483827198319253,-0.4649625771436075,-0.37924016282225237,-0.15945200682802993,0.0
2019-10-14,1.0,-0.0,-0.18080825752274318,-0.4683126312106368,-0.38455650804758573,-0.1531665500349895,0.0
2019-10-15,1.0,-0.0,-0.17812172088142705,-0.4640389996502273,-0.38590853445260576,-0.1580097936341378,0.0
2019-10-16,1.0,-0.0,-0.1916132279880064,-0.4717996979711541,-0.37475651660064346,-0.15044538311702524,0.0
2019-10-17,1.0,-0.0,-0.19205095095314176,-0.4713400888577619,-0.37519423956577885,-0.15000766015188988,0.0
2019-10-18,1.0,-0.0,-0.19248785185833736,-0.47172000175108353,-0.37451297990631705,-0.15015540865910781,0.0
2019-10-21,1.0,-0.0,-0.17392923649906888,-0.4731076788257202,-0.37101544528425895,-0.17276810165406944,0.0
2019-10-22,1.0,-0.0,-0.16069668090699965,-0.4768539818161901,-0.3723518457662394,-0.18093986197831086,0.0
2019-10-23,1.0,-0.0,-0.16032775392165452,-0.4692402068179827,-0.37279817719744107,-0.18850232232056788,0.0
2019-10-24,1.0,-0.0,-0.16204816644084094,-0.46166790506578087,-0.37353031163949474,-0.18818567245071902,0.0
2019-10-25,1.0,-0.0,-0.1630913451057336,-0.4568563331153259,-0.37050359712230213,-0.1896446479180292,0.0
2019-10-28,1.0,-0.0,-0.16380380118868787,-0.45472753793568893,-0.3790520976204471,-0.17952234776740034,0.0
2019-10-29,1.0,-0.0,-0.1638498061593414,-0.4561353835431459,-0.3794049745175763,-0.17859476412423228,0.0
2019-10-30,1.0,-0.0,-0.16338844235335118,-0.45601080398179006,-0.3798165936962251,-0.17900629506197044,0.0
2019-10-31,1.0,-0.0,-0.1639090869508425,-0.45558845299777945,-0.3825488744720686,-0.17499020333522008,0.0
2019-11-01,1.0,-0.0,-0.1685486332127131,-0.4589091860313032,-0.3863844443475607,-0.16606356541831974,0.0
2019-11-04,1.0,-0.0,-0.16220925167697536,-0.4633896680895548,-0.3952434881087203,-0.1570258733339141,0.0
2019-11-05,1.0,-0.0,-0.16223155421136232,-0.4605191583802955,-0.3965273395852826,-0.15659609652081205,0.0
2019-11-06,1.0,-0.0,-0.1642306439352807,-0.45831252036051684,-0.39535237267890105,-0.1538929308285373,0.0
2019-11-07,1.0,-0.0,-0.17307567039409402,-0.459059819780697,-0.3887308652697861,-0.1504505482575182,0.0
2019-11-08,1.0,-0.0,-0.1694627955493741,-0.46190455493741306,-0.39021210013908203,-0.1515559805285118,0.0
2019-11-11,1.0,-0.0,-0.16548597336355908,-0.47202301807005687,-0.38657715194977876,-0.15567713669158836,0.0
2019-11-12,1.0,-0.0,-0.1721448953364264,-0.47199895445337514,-0.3818859047245638,-0.15219238057897144,0.0
2019-11-13,1.0,-0.0,-0.17173609900644937,-0.4730259717622451,-0.3823208994247865,-0.15175614432630297,0.0
2019-11-14,1.0,-0.0,-0.16902849430766886,-0.47680619952545766,-0.37275517534121333,-0.15820979995211037,0.0
2019-11-15,1.0,-0.0,-0.16912564738651695,-0.4744527135831484,-0.37480959220089655,-0.15767941854898376,0.0
2019-11-18,1.0,-0.0,-0.17742214532871975,-0.47281574394463666,-0.36265138408304504,-0.14974048442906573,0.0
2019-11-19,1.0,-0.0,-0.17789314298074843,-0.4736751027471339,-0.363573437162016,-0.14795587280986372,0.0
2019-11-20,1.0,-0.0,-0.18739868150869987,-0.4857667783421593,-0.35551712957959575,-0.13273532908245975,0.0
2019-11-21,1.0,-0.0,-0.18617021276595747,-0.4952453321754234,-0.3547329570125923,-0.1349109856708641,0.0
2019-11-22,1.0,-0.0,-0.18466936689120406,-0.5032597630444671,-0.3563863198249908,-0.12164006151313653,0.0
2019-11-25,1.0,-0.0025131616006239576,-0.1846957124596486,-0.5044738609528349,-0.35699893840587565,-0.11781528262235413,0.0
2019-11-26,1.0,-0.0023824994585228505,-0.17459389213775178,-0.5063461121940653,-0.3601039636127355,-0.12248213125406109,0.0
2019-11-27,1.0,-0.0027942641771000302,-0.17551878005458563,-0.501213013906338,-0.35963696226660313,-0.1269332409132262,0.0
2019-11-29,1.0,-0.005307165756866823,-0.17598128411749417,-0.4993068191664501,-0.35824451953903474,-0.12735031626375531,0.0
2019-12-02,1.0,-0.007893885473956648,-0.17418311226140407,-0.48993853121967,-0.3573385096516769,-0.12746683921061144,0.0
2019-12-03,1.0,-0.0,-0.17379696415114654,-0.48715685219076327,-0.3633975670147487,-0.12873290989342234,0.0
2019-12-04,1.0,-0.0,-0.17245243174521085,-0.48576723339151423,-0.36595772189540376,-0.1306483935613162,0.0
2019-12-05,1.0,-0.005686742912711667,-0.18197577320677336,-0.4577088133944993,-0.36490286028370295,-0.10377777307993151,0.0
2019-12-06,1.0,-0.009202843361259202,-0.1825971058644326,-0.4565033426419565,-0.36373445036811375,-0.10357958872810358,0.0
2019-12-09,1.0,-0.0,-0.16670950055684058,-0.4722222222222222,-0.3861475199177589,-0.11661526599845798,0.0
2019-12-10,1.0,-0.0,-0.1650428300529654,-0.49852873863859287,-0.4075938882713224,-0.10850280084570282,0.0
2019-12-11,1.0,-0.0,-0.16657593903102885,-0.49624387588459445,-0.4077953184540011,-0.10684812193794231,0.0
2019-12-12,1.0,-0.00231256348743219,-0.15020856296872637,-0.485206077503296,-0.4090427716181461,-0.11448269899933002,0.0
2019-12-13,1.0,-0.012441877746873605,-0.15316673390093205,-0.4531943353362067,-0.3971634217286991,-0.10719972823202191,0.0
2019-12-16,1.0,-0.006784779973201183,-0.15507156985771106,-0.4563455771316758,-0.3988344641299955,-0.10983261373545739,0.0
2019-12-17,1.0,-0.05720206359142616,-0.13124096099466834,-0.46586224016232436,-0.3997668746087595,-0.10449629805512983,0.0
2019-12-18,1.0,-0.08597354999668824,-0.14152297264477956,-0.47526107787075267,-0.3983617777581525,-0.1067052303888018,0.0
2019-12-19,1.0,-0.09391931271180952,-0.1173613659421072,-0.44324044293824333,-0.40516329570229026,-0.09888402011785782,0.0
2019-12-20,1.0,-0.09143677176148046,-0.10645133653187114,-0.4298320767649074,-0.4074066141192597,-0.10677261823166552,0.0
2019-12-23,1.0,-0.0920734706096179,-0.1024012658498514,-0.4278230376119914,-0.4081724292770544,-0.10778968075779932,0.0
2019-12-24,1.0,-0.08876950626758763,-0.1004093118444615,-0.4278587874136608,-0.40609277735141125,-0.10870214035985333,0.0
2019-12-26,1.0,-0.08889789648845842,-0.10406622007936168,-0.42974783462047195,-0.40628066732090284,-0.10436489311771985,0.0
2019-12-27,1.0,-0.08897320572122866,-0.1033189094707224,-0.42823950717285186,-0.40628397245965936,-0.10481103318909471,0.0
2019-12-30,1.0,-0.08640660931777532,-0.10026829060557023,-0.4280725662209352,-0.40633251000766546,-0.108231837151861,0.0
2019-12-31,1.0,-0.08285647429215681,-0.10219319704737391,-0.4296836775936523,-0.4054330021910698,-0.10708587717245634,0.0
2020-01-02,1.0,-0.084433449209836,-0.10535520058009341,-0.43187101452366233,-0.40664121649000834,-0.10439548721448529,0.0
2020-01-03,1.0,-0.07462846145621725,-0.10561317224419972,-0.439153212872875,-0.4069924088527745,-0.11198545921094835,0.0
2020-01-06,1.0,-0.08807343393955028,-0.10230448428565286,-0.4310159508147384,-0.41033578399759235,-0.11795434025538502,0.0
2020-01-07,1.0,-0.08530826034690023,-0.09863901768847673,-0.43235874978533406,-0.41348961016658087,-0.11686415936802337,0.0
2020-01-08,1.0,-0.08508078377449296,-0.09487796493640425,-0.43462100378136814,-0.4089893434169818,-0.12493554486077689,0.0
2020-01-09,1.0,-0.09670400689358036,-0.09730719517449375,-0.43069797501077123,-0.4071951744937527,-0.12233950883239983,0.0
2020-01-10,1.0,-0.09162365338073719,-0.10205392902272387,-0.4220727763380523,-0.39964875457797006,-0.1263626823156497,0.0
2020-01-13,1.0,-0.09703394367705323,-0.10283756290823429,-0.42242210086733056,-0.3955883927615376,-0.1236749116607774,0.0
2020-01-14,1.0,-0.09764194384356728,-0.10207534642650619,-0.42209419374183466,-0.3955366130517659,-0.12439228116767685,0.0
2020-01-15,1.0,-0.09318858268559561,-0.10430183507847798,-0.42316010363803774,-0.393032269116293,-0.1275775679321642,0.0
2020-01-16,1.0,-0.09959853079354233,-0.10427521995387375,-0.41475185786281715,-0.39397369095413,-0.12287520287007773,0.0
2020-01-17,1.0,-0.09709690492950235,-0.10046714020605363,-0.41641603208122696,-0.3929736993664811,-0.12612785563447879,0.0
2020-01-21,1.0,-0.08195677098815236,-0.10342265064333943,-0.42290543122850227,-0.38432629835661813,-0.1306212578028791,0.0
2020-01-22,1.0,-0.08381097949305821,-0.10480618180274275,-0.41988281747548084,-0.3863839001401096,-0.12798794208805675,0.0
2020-01-23,1.0,-0.08380920033116097,-0.10454921773834037,-0.4214235676226463,-0.38317022947757234,-0.12989576920627507,0.0
2020-01-24,1.0,-0.08384097807399232,-0.10292276017235158,-0.4206057775985397,-0.3826544690425148,-0.13253242204911597,0.0
2020-01-27,1.0,-0.0806082198753022,-0.10276964838613904,-0.4219578402680579,-0.3829791746193324,-0.13241718624082793,0.0
2020-01-28,1.0,-0.10350288211819852,-0.09106648930554677,-0.3891809716855641,-0.3871117586199616,-0.14062203078482297,0.0
2020-01-29,1.0,-0.10048048554328584,-0.09114473573295119,-0.38717019303717437,-0.3857160920509146,-0.1428812273455281,0.0
2020-01-30,1.0,-0.11694389981658339,-0.09223536356545022,-0.37676301309215104,-0.39746589926844184,-0.12482870575337845,0.0
2020-01-31,1.0,-0.11527255837520585,-0.09669383101802981,-0.37510028290334835,-0.3982603555292826,-0.12589199003504623,0.0
2020-02-03,1.0,-0.12695931298982824,-0.08912789728197432,-0.36297315324328827,-0.38606803401700845,-0.11924712356178088,0.0
2020-02-04,1.0,-0.11681629762326327,-0.07932176557585353,-0.36469681504780554,-0.3925260899452163,-0.12968942029287397,0.0
2020-02-05,1.0,-0.10298603473677657,-0.08321055798800606,-0.37197817019775475,-0.3925836774501463,-0.12431781867983648,0.0
2020-02-06,1.0,-0.09618663450742297,-0.08369027321495405,-0.36823720214579786,-0.3995716721420552,-0.13155487170956878,0.0
2020-02-07,1.0,-0.09465893261814176,-0.08557350464666626,-0.3685523607559409,-0.398989583983035,-0.1313125012994033,0.0
2020-02-10,1.0,-0.09774654914352236,-0.07841343755197072,-0.3696781972393148,-0.40152586063529017,-0.13146515882255114,0.0
2020-02-11,1.0,-0.09146556553856369,-0.07310190276596185,-0.370261241259104,-0.39688336480401715,-0.1432780694291702,0.0
2020-02-12,1.0,-0.09231631149752038,-0.07279065424439234,-0.36924449608864357,-0.3969248646068931,-0.1437345672608055,0.0
2020-02-13,1.0,-0.0920580239483678,-0.07406561935791811,-0.3695187498702969,-0.39749309979870084,-0.14211301803390955,0.0
2020-02-14,1.0,-0.09207219556774046,-0.07489563212661225,-0.3715911687124847,-0.394541715994766,-0.14385112260369287,0.0
2020-02-18,1.0,-0.0925484011537424,-0.07461974227552862,-0.36867879894586125,-0.3933929571911768,-0.1458363594862111,0.0
2020-02-19,1.0,-0.10331319712182752,-0.06125394305506876,-0.36010143702451397,-0.3972125435540069,-0.13984701977197286,0.0
2020-02-20,1.0,-0.09982317624804672,-0.06213504400032897,-0.36125503742084053,-0.39293938646270254,-0.13991693395838473,0.0
2020-02-21,1.0,-0.09540055078301615,-0.063997698220231,-0.3629413457191007,-0.3934399276583501,-0.13938098565497967,0.0
2020-02-24,1.0,-0.09072949891964194,-0.06850499022533182,-0.36444078608910385,-0.3968926844325548,-0.13727749768494701,0.0
2020-02-25,1.0,-0.10928600907965333,-0.07546430045398267,-0.3634750309533636,-0.3723895996698308,-0.14294263309946348,0.0
2020-02-26,1.0,-0.09687646282820546,-0.0821311545172135,-0.3959317417762458,-0.39314438912294136,-0.15966636878165028,0.0
2020-02-27,1.0,-0.1057990731686578,-0.07848305769312529,-0.3898431189150121,-0.3960503379958335,-0.15562688661196378,0.0
2020-02-28,1.0,-0.11848351412308022,-0.07876704972613038,-0.39649876490172914,-0.3930190097733863,-0.16120717430995596,0.0
2020-03-02,1.0,-0.07981067760915347,-0.10825245880283985,-0.43207625002713906,-0.3908248116546169,-0.16016413730215592,0.0
2020-03-03,1.0,-0.08145341451662359,-0.11106487362565158,-0.44204739585614794,-0.39638179508519866,-0.15922729861141532,0.0
2020-03-04,1.0,-0.05256070544285652,-0.14100169410538205,-0.46846357673428607,-0.3780026931931715,-0.13190130750184614,0.0
2020-03-05,1.0,-0.060477690735694825,-0.17647309264305178,-0.42555773160762944,-0.3480926430517711,-0.11814543596730245,0.0
2020-03-06,1.0,-0.0690349519913521,-0.19025413849382142,-0.4158841857606138,-0.33300832997732044,-0.1114054982089489,0.0
2020-03-09,1.0,-0.06778085317669927,-0.1926514399205561,-0.41653109087451673,-0.3319106678780452,-0.10399543620190581,0.0
2020-03-10,1.0,-0.1516851597888875,-0.16325894526866974,-0.3705481444541412,-0.2840668245854631,-0.10831982712047541,0.0
2020-03-11,1.0,-0.13035717949243994,-0.19436637055577213,-0.3730997271403073,-0.26293006175245676,-0.09082329770428574,0.0
2020-03-12,1.0,-0.12451645106276776,-0.21531966224366705,-0.3877958487583711,-0.26411130984568026,-0.08805790108564536,0.0
2020-03-13,1.0,-0.15608642267841372,-0.2261594468259268,-0.3823751157831248,-0.2628438489541822,-0.1266182711156108,0.0
2020-03-16,1.0,-0.15019064050951073,-0.24468017125694932,-0.3701407970690353,-0.2545423562740963,-0.11050759366945705,0.0
2020-03-17,1.0,-0.18732509941717337,-0.212658068045532,-0.301134092200223,-0.2595998064258211,-0.14335009573505586,0.0
2020-03-18,1.0,-0.18325608463409057,-0.22511587304886413,-0.26668467981626587,-0.2584124872695529,-0.1449712136013136,0.0
2020-03-19,1.0,-0.17291302565430341,-0.3019828683625693,-0.29762444171143765,-0.27721319610762296,-0.10792500053940925,0.0
2020-03-20,1.0,-0.18977664184909432,-0.44602733637070785,-0.2648072008000889,-0.2855872874763863,-0.036270696744082676,0.0
2020-03-23,1.0,-0.19102462271644163,-0.4711631806548407,-0.2333642220457153,-0.2809769658459094,-0.029785544082605243,0.0
2020-03-24,1.0,-0.18342561171637792,-0.4583631005536703,-0.2646677978210395,-0.2933336310055367,-0.032773709590998394,0.0
2020-03-25,1.0,-0.18563397316729008,-0.4551929580934889,-0.26745358030774746,-0.2924720585929626,-0.03906197504871548,0.0
2020-03-26,1.0,-0.17072673298737792,-0.4563212400009064,-0.2950893969951732,-0.303360601871785,-0.04056289514831516,0.0
2020-03-27,1.0,-0.1691691241023794,-0.45516961934133215,-0.2873286360669023,-0.3034239020327308,-0.0360173783850708,0.0
2020-03-30,1.0,-0.16252385764005836,-0.4557539014258448,-0.2942629392612552,-0.3036488155383406,-0.02923543280565847,0.0
2020-03-31,1.0,-0.15498601007274762,-0.46316731952993845,-0.2921992165640739,-0.29739227756015674,-0.030665920537213207,0.0
2020-04-01,1.0,-0.15690091057565386,-0.46886815669955484,-0.2861042128107032,-0.29793945902409563,-0.02747387967872564,0.0
2020-04-02,1.0,-0.1585656660203695,-0.4618573243297453,-0.28448218225579996,-0.3006618974393261,-0.023043836776537183,0.0
2020-04-03,1.0,-0.1562931303147678,-0.46556253060861047,-0.28558390098392766,-0.2940207470727038,-0.024642714037665287,0.0
2020-04-06,1.0,-0.15702295344746978,-0.46516908965425113,-0.2851258988801567,-0.2940757396976646,-0.024912616603958413,0.0
2020-04-07,1.0,-0.15150308580529562,-0.4611896387727564,-0.2827880637954299,-0.2936934545534983,-0.02287256398345389,0.0
2020-04-08,1.0,-0.14851638618246238,-0.4613374667847653,-0.27433569530558016,-0.29479627989371127,-0.035363153232949515,0.0
2020-04-09,1.0,-0.14981646101455046,-0.4594666312856574,-0.2773871124673831,-0.2936623767192959,-0.030958383087877583,0.0
2020-04-13,1.0,-0.15327999292723896,-0.450247546636018,-0.28032446291220936,-0.294005835027849,-0.03240208646450358,0.0
2020-04-14,1.0,-0.1564171714045714,-0.4411335602811795,-0.2886511340023874,-0.29320482779963747,-0.031146381360802864,0.0
2020-04-15,1.0,-0.1460634521683533,-0.44758251207090416,-0.281345768018167,-0.29331745926758823,-0.03642216195956523,0.0
2020-04-16,1.0,-0.15449821656611917,-0.4393192126469682,-0.28902637720727464,-0.2941344841252367,-0.02479193271390198,0.0
2020-04-17,1.0,-0.1570493753718025,-0.43816511335845065,-0.2913829951307643,-0.29391676030581443,-0.022759821094145902,0.0
2020-04-20,1.0,-0.16477060182638353,-0.4274397623500935,-0.29759049400374077,-0.2920673341401694,-0.018593904719991197,0.0
2020-04-21,1.0,-0.167870036101083,-0.43004314519679493,-0.298494320683279,-0.2902174870124153,-0.014660561768072554,0.0
2020-04-22,1.0,-0.16395675865705747,-0.4352258744946388,-0.29592195464932325,-0.29040692564598347,-0.011711197046932676,0.0
2020-04-23,1.0,-0.1616649469825031,-0.4373778841298764,-0.2949880353889047,-0.2897631226537288,-0.011547496213035937,0.0
2020-04-24,1.0,-0.16407724380074612,-0.43550581522931753,-0.2934167215273206,-0.2893131446126838,-0.012091288128154487,0.0
2020-04-27,1.0,-0.16718633349435685,-0.4326775284352905,-0.29034737165693203,-0.2896447235518862,-0.015919371129945986,0.0
2020-04-28,1.0,-0.1725522902354981,-0.42486227860325265,-0.28992823124026074,-0.2926058424598907,-0.014814652239755944,0.0
2020-04-29,1.0,-0.17645509034623574,-0.4225964388433926,-0.2907765604759918,-0.29363075504424,-0.012097393900805761,0.0
2020-04-30,1.0,-0.1765480028953083,-0.4179114298874778,-0.29347897611370666,-0.29679103331797946,-0.008685924853589525,0.0
2020-05-01,1.0,-0.19447310081432867,-0.4008648126605061,-0.2936631620536008,-0.3059768651638535,-0.0,0.0
2020-05-04,1.0,-0.1966742616773289,-0.3960652002453772,-0.2921304004907545,-0.3059985978441854,-0.0,0.0
2020-05-05,1.0,-0.19712138804302584,-0.39884329747847613,-0.28659057550331896,-0.3081692115582623,-0.0,0.0
2020-05-06,1.0,-0.19799334034349808,-0.4002365930599369,-0.28430599369085174,-0.3081624605678233,-0.0,0.0
2020-05-07,1.0,-0.20470696613440953,-0.39954377961045795,-0.2854667485523776,-0.30362782944376204,-0.0,0.0
2020-05-08,1.0,-0.20394332836213705,-0.4010220194753926,-0.28506886568997286,-0.30316255811913323,-0.0,0.0
2020-05-11,1.0,-0.20799912338373877,-0.3899408284023669,-0.2889765505150121,-0.3046460661845277,-0.0,0.0
2020-05-12,1.0,-0.2081425159410128,-0.3893551285141442,-0.28958958739619167,-0.30413918531016504,-0.0,0.0
2020-05-13,1.0,-0.20671173240576668,-0.38535582244973854,-0.2901052263131413,-0.3054844566953249,-0.0,0.0
2020-05-14,1.0,-0.2049741023231418,-0.3840068186288437,-0.2923268570929038,-0.30415018467119787,-0.0,0.0
2020-05-15,1.0,-0.2022413002162658,-0.38630753435131177,-0.2926578849640649,-0.3032745701990083,-0.0,0.0
2020-05-18,1.0,-0.20565592056340493,-0.38758147062683174,-0.28957613402738286,-0.3043173964393509,-0.0,0.0
2020-05-19,1.0,-0.20748373575514123,-0.37715583111382783,-0.29679517967078545,-0.3016853687289875,-0.0,0.0
2020-05-20,1.0,-0.20995415848068108,-0.37253874699847195,-0.30015280506439646,-0.3002619515389653,-0.0,0.0
2020-05-21,1.0,-0.21102499727104027,-0.3714659971618819,-0.30094967798275296,-0.2997271040279445,-0.0,0.0
2020-05-22,1.0,-0.21034595656444396,-0.3719305904179854,-0.3010149514351195,-0.29939975990396156,-0.0,0.0
2020-05-26,1.0,-0.2099646458033259,-0.37193924315830823,-0.301754615686788,-0.2986774911614508,-0.0,0.0
2020-05-27,1.0,-0.2132582454761749,-0.3642415908148342,-0.3111125663021413,-0.29415231484513127,-0.0,0.0
2020-05-28,1.0,-0.2182222804031941,-0.3584238774708732,-0.3129118121918226,-0.2922284766767029,-0.0,0.0
2020-05-29,1.0,-0.22189478279851563,-0.35070945208469767,-0.3158917266972277,-0.29441170050207377,-0.0,0.0
2020-06-01,1.0,-0.22053978574389632,-0.34870071782340234,-0.3169768507407326,-0.2956166953941483,-0.0,0.0
2020-06-02,1.0,-0.2206366869586088,-0.34847592241059544,-0.31677249023586657,-0.29606598154087843,-0.0,0.0
2020-06-03,1.0,-0.2202753714896681,-0.34864387178424144,-0.31752820266643395,-0.29555521612952496,-0.0,0.0
2020-06-04,1.0,-0.22064375340971087,-0.3463611565739225,-0.31958537915984725,-0.2956246590289144,-0.0,0.0
2020-06-05,1.0,-0.22031642116748498,-0.3465575559192581,-0.3192144026186579,-0.296126568466994,-0.0,0.0
2020-06-08,1.0,-0.21996992087883346,-0.340504370191155,-0.3277534383922928,-0.2914187318816888,-0.0,0.0
2020-06-09,1.0,-0.22082761325750147,-0.33899893225251143,-0.32825608507114684,-0.29099387679501426,-0.0,0.0
2020-06-10,1.0,-0.22073819069199932,-0.3373714484922434,-0.33120533379815237,-0.2895459299285341,-0.0,0.0
2020-06-11,1.0,-0.22282762678987858,-0.33289017718980884,-0.3358760325174901,-0.2878626070657978,-0.0,0.0
2020-06-12,1.0,-0.22564681368293105,-0.3193262719222087,-0.34107483938183714,-0.28444608438965097,-0.0,0.0
2020-06-15,1.0,-0.2275884523551118,-0.3151725634903408,-0.3434556110266985,-0.2843933145213805,-0.0,0.0
2020-06-16,1.0,-0.2293804925680807,-0.31172832808940004,-0.34106542258869477,-0.28772919605077574,-0.0,0.0
2020-06-17,1.0,-0.22863586096233493,-0.310601296701867,-0.34134917709304596,-0.2878114361298436,-0.0,0.0
2020-06-18,1.0,-0.23015528758566844,-0.30738700442439487,-0.3433460570833695,-0.28793267979526327,-0.0,0.0
2020-06-19,1.0,-0.23110301136856723,-0.30768896988631433,-0.34294454569122623,-0.2878373687407793,-0.0,0.0
2020-06-22,1.0,-0.2311196927950014,-0.30759551341852337,-0.34408695463519406,-0.2867246653504871,-0.0,0.0
2020-06-23,1.0,-0.23022862348705045,-0.3073402455424928,-0.3440197822220294,-0.28753633248015276,-0.0,0.0
2020-06-24,1.0,-0.2299633429494827,-0.30755048478407043,-0.34420753530139037,-0.2873348805934538,-0.0,0.0
2020-06-25,1.0,-0.22833246663199863,-0.30655226209048364,-0.34585716762003815,-0.2859897729242503,-0.0,0.0
2020-06-26,1.0,-0.22838824268416835,-0.3059328091493924,-0.34531158619793356,-0.2864167045725301,-0.0,0.0
2020-06-29,1.0,-0.22701696675900276,-0.3053150969529086,-0.34645515927977844,-0.28536184210526316,-0.0,0.0
2020-06-30,1.0,-0.2296373236388817,-0.2992296373236389,-0.34902189907383363,-0.28605124210161864,-0.0,0.0
2020-07-01,1.0,-0.22805234129988106,-0.29944846977398076,-0.34783172920947336,-0.2875094625283876,-0.0,0.0
2020-07-02,1.0,-0.2291883004499827,-0.2985894773277951,-0.348714953271028,-0.28686396677050885,-0.0,0.0
2020-07-06,1.0,-0.23037985636410832,-0.29795794756424676,-0.3484684606731851,-0.2863632430561564,-0.0,0.0
2020-07-07,1.0,-0.22779939472546476,-0.3006268914829226,-0.3464115866839602,-0.2868785127539991,-0.0,0.0
2020-07-08,1.0,-0.22753895696902895,-0.3005900278804383,-0.34738161620091207,-0.28576368626942444,-0.0,0.0
2020-07-09,1.0,-0.22738275340393344,-0.30075642965204236,-0.3471147611843527,-0.2859736330235574,-0.0,0.0
2020-07-10,1.0,-0.22820213547745644,-0.30028530670470754,-0.34757705442441533,-0.2853283188518566,-0.0,0.0
2020-07-13,1.0,-0.2319629965849652,-0.29849133272813727,-0.34746898370293516,-0.28349111658669435,-0.0,0.0
2020-07-14,1.0,-0.229857000907245,-0.2973819501447271,-0.34613556832418885,-0.2867542230094613,-0.0,0.0
2020-07-15,1.0,-0.23104178369269324,-0.2956185455645336,-0.3470811908568465,-0.28673897074709415,-0.0,0.0
2020-07-16,1.0,-0.2349190567791298,-0.2882183845937709,-0.3487582942486005,-0.2894719778675946,-0.0,0.0
2020-07-17,1.0,-0.23468637876626464,-0.28820300004322824,-0.34880906064928885,-0.2896943759996542,-0.0,0.0
2020-07-20,1.0,-0.23746861743571984,-0.28778893602285516,-0.3484330361007705,-0.29060254523417883,-0.0,0.0
2020-07-21,1.0,-0.2367533197802673,-0.28896146027077296,-0.346771054111337,-0.29025909425148144,-0.0,0.0
2020-07-22,1.0,-0.2361348353477913,-0.290211680252546,-0.3457155830396333,-0.29014681398516723,-0.0,0.0
2020-07-23,1.0,-0.23692181212409674,-0.29074899398554804,-0.3460040673272467,-0.2897970663320497,-0.0,0.0
2020-07-24,1.0,-0.23620395007246844,-0.2917559002314664,-0.34538256862872346,-0.28989551560776167,-0.0,0.0
2020-07-27,1.0,-0.23685349491452068,-0.29166847002813245,-0.345249945899156,-0.29026184808483013,-0.0,0.0
2020-07-28,1.0,-0.23784989067607645,-0.2907150434048449,-0.34435953499447963,-0.2919056999978351,-0.0,0.0
2020-07-29,1.0,-0.24017173710345424,-0.28987141401218636,-0.34351757486393303,-0.29483704490751783,-0.0,0.0
2020-07-30,1.0,-0.2399965318420254,-0.2869900723977977,-0.3443664108900161,-0.29624571899250013,-0.0,0.0
2020-07-31,1.0,-0.24097848716169326,-0.2883197432338654,-0.344292158223456,-0.295042505204719,-0.0,0.0
2020-08-03,1.0,-0.2414705563387919,-0.2880815529769005,-0.3440624661099664,-0.29532588656327946,-0.0,0.0
2020-08-04,1.0,-0.2413232104121475,-0.28759219088937094,-0.3435357917570499,-0.2967462039045553,-0.0,0.0
2020-08-05,1.0,-0.24185885058468748,-0.28739721866660883,-0.34354457292864427,-0.29670448875100336,-0.0,0.0
2020-08-06,1.0,-0.2406218829957934,-0.28591873021379943,-0.34418231493126333,-0.297627824276855,-0.0,0.0
2020-08-07,1.0,-0.24398826979472144,-0.28584772455740204,-0.34339089822960794,-0.29903334419463456,-0.0,0.0
2020-08-10,1.0,-0.24634342468432838,-0.28363723295590376,-0.34464173168452394,-0.29867646100015216,-0.0,0.0
2020-08-11,1.0,-0.24602277666695646,-0.28394766582630615,-0.3441928192645397,-0.299182821872555,-0.0,0.0
2020-08-12,1.0,-0.24365768896611645,-0.2862510860121633,-0.340139009556907,-0.30197654213727193,-0.0,0.0
2020-08-13,1.0,-0.24320802658153629,-0.288118661367733,-0.3380893434968619,-0.3022998240927748,-0.0,0.0
2020-08-14,1.0,-0.24365294820284503,-0.28802258660006513,-0.33834292539906613,-0.3017700076012596,-0.0,0.0
2020-08-17,1.0,-0.24468339307048986,-0.28967090257412836,-0.3374823503855762,-0.30040186814380365,-0.0,0.0
2020-08-18,1.0,-0.24472894839803502,-0.2892231448071991,-0.34067295570143025,-0.2990044776768247,-0.0,0.0
2020-08-19,1.0,-0.2442719881744272,-0.2903569410025651,-0.34020259988696144,-0.29896526237989657,-0.0,0.0
2020-08-20,1.0,-0.24467876943145994,-0.29007500815306014,-0.3404283074247201,-0.2989455375584303,-0.0,0.0
2020-08-21,1.0,-0.2441086956521739,-0.29071739130434776,-0.33978260869565213,-0.29930434782608695,-0.0,0.0
2020-08-24,1.0,-0.24468362687540773,-0.2891063274624919,-0.3405305501195912,-0.3000652315720809,-0.0,0.0
2020-08-25,1.0,-0.2445367370458153,-0.2896779664702429,-0.34203831350975233,-0.2981799995651134,-0.0,0.0
2020-08-26,1.0,-0.24389024178117935,-0.2902026439380762,-0.34151591581144547,-0.29866063663245784,-0.0,0.0
2020-08-27,1.0,-0.2425329333507239,-0.2914221120820834,-0.34141993826355377,-0.29844354593278555,-0.0,0.0
2020-08-28,1.0,-0.24254875105980564,-0.2908106697971695,-0.3416378616926455,-0.2989412813322029,-0.0,0.0
2020-08-31,1.0,-0.2427391304347826,-0.29023913043478256,-0.3422826086956522,-0.2986521739130435,-0.0,0.0
2020-09-01,1.0,-0.24281490499586939,-0.28905604591503975,-0.3447758598199922,-0.2973607548154268,-0.0,0.0
2020-09-02,1.0,-0.24112750744354855,-0.2895703388172908,-0.34481559559254993,-0.2977636754830157,-0.0,0.0
2020-09-03,1.0,-0.24337715962186246,-0.2892969683798761,-0.3448440725850266,-0.29568618928610235,-0.0,0.0
2020-09-04,1.0,-0.23881827252613771,-0.290616459155785,-0.34354257949763567,-0.2961042904863129,-0.0,0.0
2020-09-08,1.0,-0.23907337917272195,-0.2896123896492636,-0.3439255579897187,-0.2964449168166931,-0.0,0.0
2020-09-09,1.0,-0.23853708240293103,-0.2911960456999154,-0.3414486092743946,-0.2967459405554231,-0.0,0.0
2020-09-10,1.0,-0.23893248926852534,-0.2925898625504054,-0.3405021029354377,-0.2959285435546113,-0.0,0.0
2020-09-11,1.0,-0.23921619629774138,-0.29316772879004643,-0.34118004075085623,-0.29401309229635414,-0.0,0.0
2020-09-14,1.0,-0.23950499555709673,-0.2915411456188639,-0.3410632626080926,-0.29518215903426454,-0.0,0.0
2020-09-15,1.0,-0.24025397100569917,-0.29031139619043494,-0.3370533295772207,-0.2993477365809262,-0.0,0.0
2020-09-16,1.0,-0.24155877951987512,-0.2887472079456986,-0.33723678789061656,-0.3010430898011407,-0.0,0.0
2020-09-17,1.0,-0.24165672774585276,-0.28860457551772745,-0.3371571072319202,-0.30109508836604143,-0.0,0.0
2020-09-18,1.0,-0.24159923639282382,-0.2878278412911903,-0.3381564960843439,-0.3017333015163676,-0.0,0.0
2020-09-21,1.0,-0.24182595300600987,-0.2873662971078953,-0.3382439087891346,-0.30218480831398753,-0.0,0.0
2020-09-22,1.0,-0.2418563238359972,-0.2880906879777623,-0.33945013898540655,-0.3022498262682418,-0.0,0.0
2020-09-23,1.0,-0.24110148326709666,-0.2879014919538732,-0.3402393206940735,-0.3024518426824766,-0.0,0.0
2020-09-24,1.0,-0.23891406639633972,-0.2865971333781469,-0.3388772036342346,-0.30398768350066135,-0.0,0.0
2020-09-25,1.0,-0.23871079685941093,-0.28807530473257276,-0.3383941352535461,-0.30373487181711706,-0.0,0.0
2020-09-28,1.0,-0.23759672280382338,-0.28853198083967313,-0.33684461495112383,-0.30450614474283116,-0.0,0.0
2020-09-29,1.0,-0.2382851445663011,-0.28837400840955396,-0.33586197927955264,-0.3049113528978282,-0.0,0.0
2020-09-30,1.0,-0.23827481577806675,-0.2883615084525358,-0.33638925010836584,-0.30429128738621586,-0.0,0.0
2020-10-01,1.0,-0.2382376525150077,-0.2887978674988622,-0.3361289903127235,-0.3040114426890319,-0.0,0.0
2020-10-02,1.0,-0.23976937749263047,-0.28868996011791226,-0.3360282642621814,-0.3030171666377666,-0.0,0.0
2020-10-05,1.0,-0.23601784863319325,-0.29339773859550317,-0.3322141835983191,-0.3044664904908374,-0.0,0.0
2020-10-06,1.0,-0.23787773833232315,-0.2891592345657633,-0.331543856610962,-0.30610875400467574,-0.0,0.0
2020-10-07,1.0,-0.2354035520366885,-0.29331343154433553,-0.3308456097086118,-0.3036537088714388,-0.0,0.0
2020-10-08,1.0,-0.2353805910456796,-0.2918261019953737,-0.331214735067125,-0.3034135374105541,-0.0,0.0
2020-10-09,1.0,-0.236942234520927,-0.2909028017986856,-0.33200017295053613,-0.3020364925631269,-0.0,0.0
2020-10-12,1.0,-0.23681878121014288,-0.29138113664368015,-0.33158952852417906,-0.3019304351585637,-0.0,0.0
2020-10-13,1.0,-0.23611291228980244,-0.29189901871784896,-0.3316258159339472,-0.3017550685168374,-0.0,0.0
2020-10-14,1.0,-0.23616363754241135,-0.29207097011216043,-0.3320078663583515,-0.3008449851965509,-0.0,0.0
2020-10-15,1.0,-0.23541995289440137,-0.29227079236802866,-0.3325914561680244,-0.3005250761684566,-0.0,0.0
2020-10-16,1.0,-0.23670672661248487,-0.2925384748400484,-0.33142400138336503,-0.3008602801314197,-0.0,0.0
2020-10-19,1.0,-0.23663676645412296,-0.29259699556900465,-0.3311358478331352,-0.30109153787960663,-0.0,0.0
2020-10-20,1.0,-0.23605409843149117,-0.2928963401460485,-0.33130968327356003,-0.30019876420515923,-0.0,0.0
2020-10-21,1.0,-0.23638838475499094,-0.2931034482758621,-0.33030852994555354,-0.30079509117621644,-0.0,0.0
2020-10-22,1.0,-0.23690692247861034,-0.29217440152104396,-0.3290553971134733,-0.30243712730101113,-0.0,0.0
2020-10-23,1.0,-0.23840802039669848,-0.2902424268614148,-0.3297610302061277,-0.3022557365714532,-0.0,0.0
2020-10-26,1.0,-0.23832159370813705,-0.29015600017285337,-0.3298042435504084,-0.3023853766042954,-0.0,0.0
2020-10-27,1.0,-0.2376919919638807,-0.2904020219913158,-0.32967531485601953,-0.3024994059320386,-0.0,0.0
2020-10-28,1.0,-0.2369461427120914,-0.2909114476441487,-0.3294951284322409,-0.30298775086953705,-0.0,0.0
2020-10-29,1.0,-0.23382086461299506,-0.29148330313228055,-0.33022693933902836,-0.3017085166968677,-0.0,0.0
2020-10-30,1.0,-0.23585150010792144,-0.2916468810705806,-0.3280164040578459,-0.3029138786963091,-0.0,0.0
2020-11-02,1.0,-0.23645469067046582,-0.29158571860294435,-0.32817424340543105,-0.30240037991624574,-0.0,0.0
2020-11-03,1.0,-0.23877859300820026,-0.2895770392749245,-0.3269961156668105,-0.3026111350884765,-0.0,0.0
2020-11-04,1.0,-0.23890998532838525,-0.28916026581513765,-0.3267886424441184,-0.30273150945024596,-0.0,0.0
2020-11-05,1.0,-0.23731262805995904,-0.29056400301951907,-0.3260217836730292,-0.3029008950717136,-0.0,0.0
2020-11-06,1.0,-0.23693064182194618,-0.29089026915113875,-0.3257634575569358,-0.3030753968253968,-0.0,0.0
