Date,IDCC,IWF,IWM,MTUM,SPY,VLUE,VXX
2018-09-24,1.0,-0.3129286798179059,-0.7720789074355083,-0.0,-0.4822458270106222,-0.46764795144157817,0.0
2018-09-25,1.0,-0.32057401720835493,-0.7720957100726643,-0.0,-0.48256361922714425,-0.4651120367273723,0.0
2018-09-26,1.0,-0.31944021904472164,-0.7716154548220262,-0.0,-0.48314572558564045,-0.4680559780955278,0.0
2018-09-27,1.0,-0.320023112949334,-0.7700869776777568,-0.0,-0.48309105285566567,-0.46797640046225897,0.0
2018-09-28,1.0,-0.32025547445255476,-0.7699209245742092,-0.0,-0.48315085158150856,-0.4680352798053528,0.0
2018-10-01,1.0,-0.32030537137295456,-0.7699677595960824,-0.0,-0.4831498266317902,-0.4681245817872133,0.0
2018-10-02,1.0,-0.31939580351432834,-0.778237963273137,-0.0,-0.4814386210676981,-0.466303255474008,0.0
2018-10-03,1.0,-0.31934717739479934,-0.7769624261616224,-0.0,-0.4816698130442726,-0.4668716886913099,0.0
2018-10-04,1.0,-0.3235786717013307,-0.7709735375620451,-0.0,-0.4872255549803587,-0.4633819543835074,0.0
2018-10-05,1.0,-0.31069521960689156,-0.7652875515651543,-0.0,-0.48965663673865567,-0.46760495025479254,0.0
2018-10-08,1.0,-0.3100782244860833,-0.7649930264993026,-0.0,-0.4896307076587229,-0.467254866290704,0.0
2018-10-09,1.0,-0.3097562454523405,-0.7651285471743875,-0.0,-0.4896313364055299,-0.4672568518069367,0.0
2018-10-10,1.0,-0.3091945657447841,-0.7657993692382338,-0.0,-0.489537845705968,-0.467976710334789,0.0
2018-10-11,1.0,-0.26537504443654464,-0.7585910652920962,-0.0,-0.47052375873918706,-0.46794643915155815,0.0
2018-10-12,1.0,-0.26738391181988747,-0.7548663227016886,-0.0,-0.45670145403377116,-0.4525973264540338,0.0
2018-10-15,1.0,-0.24835454146555508,-0.7722685388328214,-0.0,-0.4523036419482229,-0.4523328945443908,0.0
2018-10-16,1.0,-0.24330415947077247,-0.7813423879635863,-0.0,-0.4512776980944297,-0.4512191552264146,0.0
2018-10-17,1.0,-0.23097386074485315,-0.7587612768910479,-0.0,-0.4471431876012029,-0.45463219986120756,0.0
2018-10-18,1.0,-0.23054238464207238,-0.7579796461200417,-0.0,-0.44795882965190237,-0.4546663582745461,0.0
2018-10-19,1.0,-0.2195857631208526,-0.751946223894746,-0.0,-0.4479043980351039,-0.4532188101462182,0.0
2018-10-22,1.0,-0.22019482198787393,-0.7526795207034281,-0.0,-0.4476308152064596,-0.4530042240165513,0.0
2018-10-23,1.0,-0.22468163394371457,-0.7534423778997901,-0.0,-0.44476384856411877,-0.4517204702906258,0.0
2018-10-24,1.0,-0.22330403814119135,-0.7523694640703086,-0.0,-0.44448273881325756,-0.4519214199551956,0.0
2018-10-25,1.0,-0.2012839561548597,-0.7241736985226094,-0.0,-0.4469176642090213,-0.4310223991477671,0.0
2018-10-26,1.0,-0.19058345847933697,-0.7152233160909951,-0.0,-0.45005283942377217,-0.4251905000278102,0.0
2018-10-29,1.0,-0.17894736842105266,-0.7202493074792244,-0.0,-0.4439612188365651,-0.4268975069252078,0.0
2018-10-30,1.0,-0.18719129807425497,-0.7213774349297963,-0.0,-0.4448360064376492,-0.4214440313002941,0.0
2018-10-31,1.0,-0.18864013266998342,-0.7134328358208956,-0.0,-0.4430901050304035,-0.4187949143173023,0.0
2018-11-01,1.0,-0.18565272636870891,-0.7153748411689962,-0.0,-0.4426551019280703,-0.41859565769846974,0.0
2018-11-02,1.0,-0.18388884248043885,-0.7329100882688719,-0.0,-0.442903683902765,-0.4247765433130064,0.0
2018-11-05,1.0,-0.18089696834720637,-0.741321232705103,-0.0,-0.4436958881991036,-0.4180006124551099,0.0
2018-11-06,1.0,-0.17478253573126729,-0.7390708472016333,-0.0,-0.45319273907084723,-0.42994993427124995,0.0
2018-11-07,1.0,-0.17526466140144514,-0.7397916316585448,-0.0,-0.45474150002800645,-0.4308519576541758,0.0
2018-11-08,1.0,-0.1522821461352321,-0.7433593858648792,-0.0,-0.44825188440463937,-0.43751564542597277,0.0
2018-11-09,1.0,-0.1520747580376015,-0.7431304928245633,-0.0,-0.4485760373790188,-0.4373678940927801,0.0
2018-11-12,1.0,-0.15157496733298118,-0.7428619088659679,-0.0,-0.44866412744307593,-0.4370986126942645,0.0
2018-11-13,1.0,-0.13890501064035596,-0.742890307603018,-0.0,-0.4479728049083824,-0.43393306248790875,0.0
2018-11-14,1.0,-0.1406128996570417,-0.7423664122137404,-0.0,-0.4489711251244607,-0.43384223918575066,0.0
2018-11-15,1.0,-0.1402427224725624,-0.7451414038094711,-0.0,-0.4539573715201946,-0.4251513559837448,0.0
2018-11-16,1.0,-0.14015748031496061,-0.7435004834921951,-0.0,-0.45351567896118244,-0.4256389004006078,0.0
2018-11-19,1.0,-0.14382463511720475,-0.7428681999115434,-0.0,-0.4520953118089341,-0.4254754533392304,0.0
2018-11-20,1.0,-0.11915502255473649,-0.7391627241720762,-0.0,-0.45456045769611614,-0.43769941687754427,0.0
2018-11-21,1.0,-0.11722698308064163,-0.740139529773676,-0.0,-0.4541034937376401,-0.43520654801142605,0.0
2018-11-23,1.0,-0.11772617479139218,-0.7362209046991657,-0.0,-0.4554238032498903,-0.43544137022397894,0.0
2018-11-26,1.0,-0.1175324497132351,-0.7370818583463681,-0.0,-0.45476249279657527,-0.43478499492330064,0.0
2018-11-27,1.0,-0.112514696634129,-0.7386870095425587,-0.0,-0.4515626281683209,-0.43149317802750664,0.0
2018-11-28,1.0,-0.11144248659297362,-0.7449381635109992,-0.0,-0.44935427383167337,-0.4303929079566597,0.0
2018-11-29,1.0,-0.09121245828698554,-0.737241921918663,-0.0,-0.449008383298516,-0.43560595783933376,0.0
2018-11-30,1.0,-0.09156286466389861,-0.7382561263534968,-0.0,-0.4509484653586258,-0.4329832559906646,0.0
2018-12-03,1.0,-0.09218779699676868,-0.7384256116436311,-0.0,-0.4513536264154018,-0.4334319928313466,0.0
2018-12-04,1.0,-0.0888539520763309,-0.7398623007698146,-0.0,-0.44955545917814155,-0.43237016155264013,0.0
2018-12-06,1.0,-0.08414695788661576,-0.7110324829072335,-0.0,-0.448375854638325,-0.41677086381654205,0.0
2018-12-07,1.0,-0.08736598472957514,-0.7108462582138392,-0.0,-0.44824283700018624,-0.4138976828327436,0.0
2018-12-10,1.0,-0.0780307040762308,-0.7131815775542615,-0.0,-0.4475913181577554,-0.4080995235574378,0.0
2018-12-11,1.0,-0.0889265746310183,-0.7101936988261479,-0.0,-0.45199925806195185,-0.3986592119558017,0.0
2018-12-12,1.0,-0.09075001988387814,-0.710066544712214,-0.0,-0.4531933508311461,-0.3971473262811845,0.0
2018-12-13,1.0,-0.09024668132799872,-0.7063140881269706,-0.0,-0.45759253861847854,-0.39548501629527566,0.0
2018-12-14,1.0,-0.08866838237244964,-0.7129553474304211,-0.0,-0.45506884932742564,-0.3964606935342655,0.0
2018-12-17,1.0,-0.07570026714629566,-0.7141534636442987,-0.0,-0.44555241092919295,-0.4095802364641468,0.0
2018-12-18,1.0,-0.06493540663561975,-0.7070276528007998,-0.0,-0.44491804141342384,-0.4141868603152051,0.0
2018-12-19,1.0,-0.06441257729246151,-0.7071701091961584,-0.0,-0.44528351532693067,-0.4143665307196422,0.0
2018-12-20,1.0,-0.06435955292018682,-0.70147452379703,-0.0,-0.4460565671406832,-0.4118171800388309,0.0
2018-12-21,1.0,-0.0619568631556905,-0.7023871845880013,-0.0,-0.4461574704219453,-0.40699926709245104,0.0
2018-12-24,1.0,-0.06621311605094533,-0.7155815731877752,-0.0,-0.4531550773936661,-0.40199878701579517,0.0
2018-12-26,1.0,-0.06465199536695798,-0.7172264925766031,-0.0,-0.4506423080972939,-0.39988943877013794,0.0
2018-12-27,1.0,-0.03936503051751552,-0.6984664307329332,-0.0,-0.41606400984766884,-0.41060163102015695,0.0
2018-12-28,1.0,-0.0400831430111114,-0.6978367420257128,-0.0,-0.41663886679155226,-0.4115579050014114,0.0
2018-12-31,1.0,-0.039447681133382956,-0.6991248107178605,-0.0,-0.41660036444832277,-0.41133896260554886,0.0
2019-01-02,1.0,-0.037801656707614185,-0.6989459646603237,-0.0,-0.4156130587541354,-0.41217654450798863,0.0
2019-01-03,1.0,-0.042525376807136264,-0.697144468368707,-0.0,-0.4189736491335999,-0.4046447247000923,0.0
2019-01-04,1.0,-0.027784162006179936,-0.7027247886820398,-0.0,-0.41428534947266277,-0.4089225976148523,0.0
2019-01-07,1.0,-0.01963357391611568,-0.6905567051935597,-0.0,-0.41321354666128296,-0.4001917932670469,0.0
2019-01-08,1.0,-0.02191767017685292,-0.6801783644883358,-0.0,-0.4192573184864211,-0.39791908096941603,0.0
2019-01-09,1.0,-0.022384673556843964,-0.6818754726493572,-0.0,-0.4194353415679355,-0.39710108394252586,0.0
2019-01-10,1.0,-0.023204837490551775,-0.6798941798941799,-0.0,-0.4204585537918872,-0.3959939531368103,0.0
2019-01-11,1.0,-0.02430651959918221,-0.6766450440445241,-0.0,-0.4222469017390646,-0.40081778944445845,0.0
2019-01-14,1.0,-0.024464213505863325,-0.6746866154468257,-0.0,-0.4223867771936919,-0.40575717751718565,0.0
2019-01-15,1.0,-0.019802731411229138,-0.668361153262519,-0.0,-0.42144663631765306,-0.4194739504299444,0.0
2019-01-16,1.0,-0.022935432594050415,-0.6624530063331062,-0.0,-0.42207251532813567,-0.4156889460802866,0.0
2019-01-17,1.0,-0.022315906394365488,-0.6635195516623331,-0.0,-0.4222098805947543,-0.41635321737813347,0.0
2019-01-18,1.0,-0.02331132554596242,-0.6574403250380905,-0.0,-0.425469781615033,-0.4331640426612494,0.0
2019-01-22,1.0,-0.0,-0.7411503860954662,-0.0,-0.4298274675705293,-0.37750707204566886,0.0
2019-01-23,1.0,-0.0,-0.739275270184361,-0.0,-0.43099809281627466,-0.37263827082008905,0.0
2019-01-24,1.0,-0.0,-0.7390541571319603,-0.0,-0.43018052377320115,-0.3733536740401729,0.0
2019-01-25,1.0,-0.0,-0.7564201137936337,-0.0,-0.44584550720180427,-0.36065405710185044,0.0
2019-01-28,1.0,-0.0,-0.7486246513651135,-0.0,-0.4517796371638392,-0.3583838693994524,0.0
2019-01-29,1.0,-0.0,-0.7385408121410993,-0.0,-0.45475287120590646,-0.3702830188679246,0.0
2019-01-30,1.0,-0.0,-0.7364176353115879,-0.0,-0.4499206308566747,-0.3739566798095141,0.0
2019-01-31,1.0,-0.0,-0.7284633737753184,-0.0,-0.4350474643382913,-0.3746636885121072,0.0
2019-02-01,1.0,-0.0,-0.7283094584984252,-0.0,-0.438128619323377,-0.37341257746621964,0.0
2019-02-04,1.0,-0.0,-0.7358169967791839,-0.0,-0.43881717430448125,-0.3614415054145216,0.0
2019-02-05,1.0,-0.0,-0.7280268266854925,-0.0,-0.43759770056981495,-0.3556805002269175,0.0
2019-02-06,1.0,-0.0,-0.7285195643404598,-0.0,-0.435634328358209,-0.35699878983461075,0.0
2019-02-07,1.0,-0.0,-0.6835591235992641,-0.0,-0.38656727116335743,-0.3191885886316393,0.0
2019-02-08,1.0,-0.0,-0.6942749134632902,-0.0,-0.33437329203862265,-0.24863363089815996,0.0
2019-02-11,1.0,-0.0,-0.6857520872302568,-0.0,-0.3409142752862813,-0.25445960125918154,0.0
2019-02-12,1.0,-0.0,-0.6687214560507548,-0.0,-0.3260140835564355,-0.2550338590294495,0.0
2019-02-13,1.0,-0.0,-0.6768853602033242,-0.0,-0.3227997570904838,-0.2494545781696318,0.0
2019-02-14,1.0,-0.0,-0.677759539495874,-0.0,-0.3229599982011558,-0.24781327996762081,0.0
2019-02-15,1.0,-0.0,-0.6746722435854191,-0.0,-0.3247430794486047,-0.24934223841327668,0.0
2019-02-19,1.0,-0.0,-0.6656855255471171,-0.0,-0.3333707814676673,-0.24783175302206442,0.0
2019-02-20,1.0,-0.0,-0.6753684399712436,-0.0,-0.328450754852624,-0.24278846153846154,0.0
2019-02-21,1.0,-0.0,-0.651804337587189,-0.0,-0.33323614506470495,-0.25774328840244914,0.0
2019-02-22,1.0,-0.0,-0.649165436584535,-0.0,-0.33970705120926536,-0.2820483706142841,0.0
2019-02-25,1.0,-0.0,-0.6402459856508371,-0.0,-0.34369661769730103,-0.29372508825874044,0.0
2019-02-26,1.0,-0.0,-0.6354997493277427,-0.0,-0.3464974249122647,-0.296841529556538,0.0
2019-02-27,1.0,-0.0,-0.6352466490380231,-0.0,-0.3507796115619586,-0.29353971003920853,0.0
2019-02-28,1.0,-0.0,-0.6403838701588821,-0.0,-0.3560828831293168,-0.2830472543253778,0.0
2019-03-01,1.0,-0.0,-0.6415416875598304,-0.0,-0.3589825409126134,-0.2787299995441491,0.0
2019-03-04,1.0,-0.0,-0.6284738145464551,-0.0,-0.3538017059524901,-0.31067137485095847,0.0
2019-03-05,1.0,-0.0,-0.6233113919405519,-0.0,-0.361184376505126,-0.3090066741588495,0.0
2019-03-06,1.0,-0.0,-0.6206682599503631,-0.0,-0.3744599687471275,-0.3028771026748782,0.0
2019-03-07,1.0,-0.0,-0.62077916111545,-0.0,-0.3752009923278357,-0.30107502182202417,0.0
2019-03-08,1.0,-0.0,-0.620613576720314,-0.0,-0.3996377064028427,-0.3021435704498479,0.0
2019-03-11,1.0,-0.0,-0.6195077653852423,-0.0,-0.39979509628146315,-0.30914848534239875,0.0
2019-03-12,1.0,-0.0,-0.6038253931002113,-0.0,-0.4093874677305797,-0.33363060314480175,0.0
2019-03-13,1.0,-0.0,-0.6154045643153527,-0.0,-0.41111844586948326,-0.3310778951339117,0.0
2019-03-14,1.0,-0.0,-0.6132676162626168,-0.0,-0.41474860862182816,-0.3302518630317895,0.0
2019-03-15,1.0,-0.0,-0.6091693252983575,-0.0,-0.4159281578636417,-0.3381306865177833,0.0
2019-03-18,1.0,-0.0,-0.6129170536543544,-0.0,-0.42009001928984785,-0.3484556214426901,0.0
2019-03-19,1.0,-0.0,-0.6086352974965297,-0.0,-0.4286295533961993,-0.3561102867263415,0.0
2019-03-20,1.0,-0.0,-0.6063132817153067,-0.0,-0.4272066706372841,-0.34882668254913635,0.0
2019-03-21,1.0,-0.0,-0.6056522463750863,-0.0,-0.42501369015023455,-0.35022975643437065,0.0
2019-03-22,1.0,-0.0,-0.6011683865252472,-0.0,-0.4424306270500635,-0.3506356693083056,0.0
2019-03-25,1.0,-0.0,-0.5863392537847181,-0.0,-0.44694242460364764,-0.35079270473238766,0.0
2019-03-26,1.0,-0.0,-0.595758891300718,-0.0,-0.44927605371752977,-0.3402905326431792,0.0
2019-03-27,1.0,-0.0,-0.582346352739318,-0.0,-0.4583085098777494,-0.34242070395348284,0.0
2019-03-28,1.0,-0.0,-0.5819408357369312,-0.0,-0.45684250673404686,-0.3449500607852018,0.0
2019-03-29,1.0,-0.0,-0.5827453037093544,-0.0,-0.4559692953180127,-0.3451892819681511,0.0
2019-04-01,1.0,-0.0,-0.5828062722260675,-0.0,-0.45468865605384384,-0.34919687820711715,0.0
2019-04-02,1.0,-0.0,-0.582381066220416,-0.0,-0.4562036815682524,-0.35204398756873057,0.0
2019-04-03,1.0,-0.0,-0.5836203597397627,-0.0,-0.4502487562189054,-0.358017604286261,0.0
2019-04-04,1.0,-0.0,-0.5839741286381602,-0.0,-0.4434543059048988,-0.36806803209965266,0.0
2019-04-05,1.0,-0.0,-0.575725568331853,-0.0,-0.4417264805434861,-0.3831048803322371,0.0
2019-04-08,1.0,-0.0,-0.5780687004564017,-0.0,-0.44098006245496035,-0.38306509728561133,0.0
2019-04-09,1.0,-0.0,-0.5806110684089162,-0.0,-0.4385808993082244,-0.38280649500384323,0.0
2019-04-10,1.0,-0.0,-0.5771899080586695,-0.0,-0.4430467868545503,-0.38032023429435624,0.0
2019-04-11,1.0,-0.0,-0.5719310754604872,-0.0,-0.46802139037433155,-0.33677956030897205,0.0
2019-04-12,1.0,-0.0,-0.5737055595323312,-0.0,-0.47831066571224057,-0.3340491529467908,0.0
2019-04-15,1.0,-0.0,-0.5723928289331961,-0.0,-0.48766126522894276,-0.33346896766318007,0.0
2019-04-16,1.0,-0.0,-0.5669152088710449,-0.0,-0.4863301787592008,-0.33655960233247306,0.0
2019-04-17,1.0,-0.0,-0.5502525192082147,-0.0,-0.49082074726537256,-0.3524737308217047,0.0
2019-04-18,1.0,-0.0,-0.5393569977291741,-0.0,-0.49420341819051034,-0.35678259830285647,0.0
2019-04-22,1.0,-0.0,-0.5405250047901897,-0.0,-0.49590438781375745,-0.3586654531519448,0.0
2019-04-23,1.0,-0.0,-0.5282248435932948,-0.0,-0.49037680882563633,-0.3692630975691294,0.0
2019-04-24,1.0,-0.0,-0.47908020461345435,-0.0,-0.5201235401988226,-0.41366663449473995,0.0
2019-04-25,1.0,-0.0,-0.47489862907897273,-0.0,-0.5195259702645298,-0.41916875844757673,0.0
2019-04-26,1.0,-0.0,-0.47497822088858777,-0.0,-0.5113735359597329,-0.4335495111799439,0.0
2019-04-29,1.0,-0.0,-0.47274838522389145,-0.0,-0.5107288869535767,-0.43563877397972756,0.0
2019-04-30,1.0,-0.0,-0.4779532900474852,-0.0,-0.5081887779823626,-0.43657331136738053,0.0
2019-05-01,1.0,-0.0,-0.48161889519375334,-0.0,-0.5125369804549201,-0.4307919879722586,0.0
2019-05-02,1.0,-0.0,-0.4790539721043056,-0.0,-0.5036992116434202,-0.4429351121892056,0.0
2019-05-03,1.0,-0.0,-0.5055299990212392,-0.0,-0.49902123911128515,-0.44235098365469316,0.0
2019-05-06,1.0,-0.0,-0.5575183110728135,-0.0,-0.5191727703576046,-0.4577134602225208,0.0
2019-05-07,1.0,-0.0,-0.552664314183443,-0.0,-0.5229367114315453,-0.4630499352644005,0.0
2019-05-08,1.0,-0.0,-0.5486775036137245,-0.0,-0.5201734587781807,-0.4670707275632085,0.0
2019-05-09,1.0,-0.0,-0.5482293935863012,-0.0,-0.5132225543340595,-0.471604437914788,0.0
2019-05-10,1.0,-0.0,-0.5505580923389143,-0.0,-0.5196093353627601,-0.4666159309994926,0.0
2019-05-13,1.0,-0.0,-0.5479013787674885,-0.0,-0.5231191123073408,-0.4681461544321154,0.0
2019-05-14,1.0,-0.0,-0.5299177928787764,-0.0,-0.5350843704665191,-0.4801099488432466,0.0
2019-05-15,1.0,-0.0,-0.5339872611464968,-0.0,-0.5412229299363057,-0.47256050955414014,0.0
2019-05-16,1.0,-0.0,-0.5314615893702591,-0.0,-0.5425342361146465,-0.4714402077075804,0.0
2019-05-17,1.0,-0.0,-0.5325401667683547,-0.0,-0.5323367907260524,-0.4773235712833029,0.0
2019-05-20,1.0,-0.0,-0.5296566077003121,-0.0,-0.5322199944163853,-0.47615542752722007,0.0
2019-05-21,1.0,-0.0,-0.5303603373370815,-0.0,-0.5435215946843854,-0.48170201891132125,0.0
2019-05-22,1.0,-0.0,-0.5200214789812826,-0.0,-0.5589649176639051,-0.47800961440114553,0.0
2019-05-23,1.0,-0.0,-0.5203121002814018,-0.0,-0.5564338705551292,-0.4814530570478383,0.0
2019-05-24,1.0,-0.0,-0.5084494817991525,-0.0,-0.5585592484811355,-0.4857303313422168,0.0
2019-05-28,1.0,-0.0,-0.5004213590745422,-0.0,-0.5642381061824868,-0.4890318956050972,0.0
2019-05-29,1.0,-0.0,-0.4938988663864476,-0.0,-0.56127881798497,-0.49226850082792,0.0
2019-05-30,1.0,-0.0,-0.4951783254247666,-0.0,-0.5644675748762692,-0.4915046686055411,0.0
2019-05-31,1.0,-0.0,-0.4679571017525504,-0.0,-0.6491760397593513,-0.4986136541982737,0.0
2019-06-03,1.0,-0.0,-0.46297901399942215,-0.0,-0.6501195072623643,-0.5134347175163502,0.0
2019-06-04,1.0,-0.0,-0.4686982357426446,-0.0,-0.6275602766018984,-0.5330633923171982,0.0
2019-06-05,1.0,-0.0,-0.46461747208015863,-0.0,-0.6449222419371673,-0.49979125352259673,0.0
2019-06-06,1.0,-0.0,-0.47004512141050053,-0.0,-0.6352729454109178,-0.5028820322891944,0.0
2019-06-07,1.0,-0.0,-0.4713111545988259,-0.0,-0.6345466405740379,-0.5034311806914546,0.0
2019-06-10,1.0,-0.0,-0.47328383959847337,-0.0,-0.6225231348355728,-0.5182987400010457,0.0
2019-06-11,1.0,-0.0,-0.4728223907925713,-0.0,-0.6222338477635365,-0.5206905571540675,0.0
2019-06-12,1.0,-0.0,-0.473724136127024,-0.0,-0.6224332313165397,-0.5196578513693793,0.0
2019-06-13,1.0,-0.0,-0.4741663613045071,-0.0,-0.6217348060514055,-0.5214625974977751,0.0
2019-06-14,1.0,-0.0,-0.4695292670800952,-0.0,-0.6302430855378496,-0.5168642227281053,0.0
2019-06-17,1.0,-0.0,-0.47300623134523745,-0.0,-0.6273236634026287,-0.51790857202702,0.0
2019-06-18,1.0,-0.0,-0.4533319346463508,-0.0,-0.6369096011119562,-0.5322703312265611,0.0
2019-06-19,1.0,-0.0,-0.45938779796282686,-0.0,-0.6328887955476216,-0.5329728026882286,0.0
2019-06-20,1.0,-0.0,-0.45173199277354487,-0.0,-0.6338072421647947,-0.532741601864216,0.0
2019-06-21,1.0,-0.0,-0.4503710696771825,-0.0,-0.6398395090866179,-0.5321637426900585,0.0
2019-06-24,1.0,-0.0,-0.4485660357573533,-0.0,-0.6408535626277985,-0.5320872437477062,0.0
2019-06-25,1.0,-0.0,-0.4358718749180199,-0.0,-0.6522731446260396,-0.5352448909992392,0.0
2019-06-26,1.0,-0.0,-0.43359067275878366,-0.0,-0.6468935455070638,-0.5454545454545454,0.0
2019-06-27,1.0,-0.0,-0.4453941120607787,-0.0,-0.6763216207660653,-0.5162234884457108,0.0
2019-06-28,1.0,-0.0,-0.4454058617141952,-0.0,-0.6762339409607724,-0.5163953887144854,0.0
2019-07-01,1.0,-0.0,-0.4419743981457093,-0.0,-0.6744982352631301,-0.5174629932044461,0.0
2019-07-02,1.0,-0.0,-0.4479555859601116,-0.0,-0.666868389201705,-0.5163395253381045,0.0
2019-07-03,1.0,-0.0,-0.4397206114918292,-0.0,-0.6811808118081181,-0.5148655772272008,0.0
2019-07-05,1.0,-0.0,-0.4327141273945855,-0.0,-0.6889017890126128,-0.5170457543933717,0.0
2019-07-08,1.0,-0.0,-0.4327483836917799,-0.0,-0.6878216123499142,-0.5183269560628051,0.0
2019-07-09,1.0,-0.0,-0.43553749538234215,-0.0,-0.6852340492901999,-0.5179165127447359,0.0
2019-07-10,1.0,-0.0,-0.44604373757455273,-0.0,-0.6922995361166336,-0.5124188204108682,0.0
2019-07-11,1.0,-0.0,-0.4438963587662768,-0.0,-0.6987827193889729,-0.5093483968493914,0.0
2019-07-12,1.0,-0.0,-0.4446035534341024,-0.0,-0.6998143728453992,-0.5073720498541501,0.0
2019-07-15,1.0,-0.0,-0.45114499760905374,-0.0,-0.694065140003188,-0.5113702778810902,0.0
2019-07-16,1.0,-0.0,-0.4560648332669057,-0.0,-0.6976750365351402,-0.5033346618838846,0.0
2019-07-17,1.0,-0.0,-0.4546878733968827,-0.0,-0.6960516183850667,-0.5045272297602295,0.0
2019-07-18,1.0,-0.0,-0.4570852992631077,-0.0,-0.6938450935694216,-0.49976143773524895,0.0
2019-07-19,1.0,-0.0,-0.46118769883351013,-0.0,-0.6943531283138918,-0.49557264050901384,0.0
2019-07-22,1.0,-0.0,-0.4501565069764974,-0.0,-0.6969069977187119,-0.505623640511433,0.0
2019-07-23,1.0,-0.0,-0.446455984331163,-0.0,-0.6927637499338308,-0.5075432745751945,0.0
2019-07-24,1.0,-0.0,-0.4474838777883497,-0.0,-0.6911671424040597,-0.5043080663917963,0.0
2019-07-25,1.0,-0.0,-0.44390166618256716,-0.0,-0.6937762403950252,-0.502864989041747,0.0
2019-07-26,1.0,-0.0,-0.45019035532994917,-0.0,-0.6917036802030456,-0.5019564297800339,0.0
2019-07-29,1.0,-0.0,-0.4559185944828683,-0.0,-0.696398759837825,-0.49757532395261944,0.0
2019-07-30,1.0,-0.0,-0.4648268541860156,-0.0,-0.6944938304365131,-0.49425500862412103,0.0
2019-07-31,1.0,-0.0,-0.46380198650873744,-0.0,-0.6949859244701758,-0.49697243320762735,0.0
2019-08-01,1.0,-0.0,-0.4703854923378758,-0.0,-0.690678190784241,-0.49019036004029903,0.0
2019-08-02,1.0,-0.0,-0.46797129465349674,-0.0,-0.6947541244074887,-0.48536927680533853,0.0
2019-08-05,1.0,-0.0,-0.47557271411133506,-0.0,-0.790302892667556,-0.5728844352343372,0.0
2019-08-06,1.0,-0.0,-0.4774559909142533,-0.0,-0.7856615559341283,-0.5761499148211243,0.0
2019-08-07,1.0,-0.0,-0.4865302642796249,-0.0,-0.763057686842853,-0.5921000284171639,0.0
2019-08-08,1.0,-0.0,-0.48249537102976786,-0.0,-0.7646204244409629,-0.6014812704742915,0.0
2019-08-09,1.0,-0.0,-0.48055421206862214,-0.0,-0.7604483769097272,-0.6040570144243079,0.0
2019-08-12,1.0,-0.0,-0.48206739006282123,-0.0,-0.7567390062821245,-0.6167047401484865,0.0
2019-08-13,1.0,-0.0,-0.474698588161173,-0.0,-0.7643116927747072,-0.6247601592256364,0.0
2019-08-14,1.0,-0.0,-0.47535916661896854,-0.0,-0.7624921298151222,-0.6240341136740885,0.0
2019-08-15,1.0,-0.0,-0.4834746003754479,-0.0,-0.7560725866090221,-0.6047556743842084,0.0
2019-08-16,1.0,-0.0,-0.4908361318230975,-0.0,-0.7440377938414252,-0.6110478684045763,0.0
2019-08-19,1.0,-0.0,-0.48003405704555135,-0.0,-0.7480346246629772,-0.6100184475663403,0.0
2019-08-20,1.0,-0.0,-0.47295985380617905,-0.0,-0.7583233396150991,-0.6240648735080807,0.0
2019-08-21,1.0,-0.0,-0.4720571428571429,-0.0,-0.7616285714285714,-0.6234285714285714,0.0
2019-08-22,1.0,-0.0,-0.4742344606946984,-0.0,-0.7636540219378428,-0.618601462522852,0.0
2019-08-23,1.0,-0.0,-0.4731324096557635,-0.0,-0.7641765462076847,-0.6194257963148122,0.0
2019-08-26,1.0,-0.0,-0.46891162262006253,-0.0,-0.7600738846263143,-0.6127024722932651,0.0
2019-08-27,1.0,-0.0,-0.46987334566671407,-0.0,-0.765162942934396,-0.6111285043404013,0.0
2019-08-28,1.0,-0.0,-0.4654397542382524,-0.0,-0.7726134941404027,-0.6064398680168392,0.0
2019-08-29,1.0,-0.0,-0.4573427368900011,-0.0,-0.7851495848026391,-0.6012967807985439,0.0
2019-08-30,1.0,-0.0,-0.46477836000566497,-0.0,-0.7700325732899023,-0.5976490582070528,0.0
2019-09-03,1.0,-0.0,-0.4649883767080569,-0.0,-0.7661166865113114,-0.6038441911889777,0.0
2019-09-04,1.0,-0.0,-0.46041554465829526,-0.0,-0.7673119986394172,-0.6068482666742255,0.0
2019-09-05,1.0,-0.0,-0.4784771487521551,-0.0,-0.7683219807241175,-0.579576608914389,0.0
2019-09-06,1.0,-0.0,-0.48139204545454545,-0.0,-0.7636647727272727,-0.5958238636363636,0.0
2019-09-09,1.0,-0.0,-0.4767194113803585,-0.0,-0.7639555694440499,-0.6001534047328201,0.0
2019-09-10,1.0,-0.0,-0.4776793320838303,-0.0,-0.7450445845402396,-0.6170557164764015,0.0
2019-09-11,1.0,-0.0,-0.48739758761948115,-0.0,-0.7202150659990897,-0.6371756941283568,0.0
2019-09-12,1.0,-0.0,-0.5114684795338341,-0.0,-0.7118169613527949,-0.6331514753349139,0.0
2019-09-13,1.0,-0.0,-0.512055076272639,-0.0,-0.7141632862937782,-0.6304633491401475,0.0
2019-09-16,1.0,-0.0,-0.5102717220492013,-0.0,-0.7166776193605531,-0.6303037229635132,0.0
2019-09-17,1.0,-0.0,-0.5042009602194787,-0.0,-0.7220507544581618,-0.6315443529949702,0.0
2019-09-18,1.0,-0.0,-0.5063185947216093,-0.0,-0.7127833338109293,-0.6464739089319999,0.0
2019-09-19,1.0,-0.0,-0.5133896606043248,-0.0,-0.7001861664041242,-0.6505226979808105,0.0
2019-09-20,1.0,-0.0,-0.5169941201778288,-0.0,-0.705435250250968,-0.6458052488168651,0.0
2019-09-23,1.0,-0.0,-0.5159966715445755,-0.0,-0.7081862787294483,-0.6451751743135061,0.0
2019-09-24,1.0,-0.0,-0.5152359344036302,-0.0,-0.7102731267411471,-0.6464861139033287,0.0
2019-09-25,1.0,-0.0,-0.5105888429752066,-0.0,-0.7142447199265382,-0.6447715794306703,0.0
2019-09-26,1.0,-0.0,-0.5035635647236064,-0.0,-0.7590103140572487,-0.6346332135821068,0.0
2019-09-27,1.0,-0.0,-0.5024968606722542,-0.0,-0.7699675846158339,-0.6478696375901644,0.0
2019-09-30,1.0,-0.0,-0.4759702628343967,-0.0,-0.7899080957677223,-0.6609787508048938,0.0
2019-10-01,1.0,-0.0,-0.462846937580513,-0.0,-0.7976636608502168,-0.6672326970371238,0.0
2019-10-02,1.0,-0.0,-0.46555673009161386,-0.0,-0.8255813953488373,-0.6452020202020203,0.0
2019-10-03,1.0,-0.0,-0.5244248253281493,-0.0,-0.8038997865933873,-0.595053643990996,0.0
2019-10-04,1.0,-0.0,-0.536843955014058,-0.0,-0.7980904404873477,-0.59383786316776,0.0
2019-10-07,1.0,-0.0,-0.5459242419769124,-0.0,-0.7929497210002656,-0.6135041776150689,0.0
2019-10-08,1.0,-0.0,-0.5502358280679897,-0.0,-0.7984634095695767,-0.6177212185933375,0.0
2019-10-09,1.0,-0.0,-0.5540000591943647,-0.0,-0.7955722615207032,-0.6101459141089768,0.0
2019-10-10,1.0,-0.0,-0.5777132247244849,-0.0,-0.78997963584092,-0.627036415908002,0.0
2019-10-11,1.0,-0.0,-0.5860462320016833,-0.0,-0.7889500105209367,-0.630985661466318,0.0
2019-10-14,1.0,-0.0,-0.5815874172587598,-0.0070747555717495594,-0.8034250318819457,-0.6442885771543085,0.0
2019-10-15,1.0,-0.0,-0.5817376263162687,-0.0,-0.8027190240645767,-0.6501684216915,0.0
2019-10-16,1.0,-0.0,-0.5894919168591224,-0.01443418013856813,-0.7970402333779021,-0.6378084356387504,0.0
2019-10-17,1.0,-0.0,-0.5876235365668238,-0.01815417363539608,-0.7972023719020831,-0.6378896153261366,0.0
2019-10-18,1.0,-0.0,-0.5823057112558703,-0.004575064384184214,-0.8129980306014241,-0.629965156794425,0.0
2019-10-21,1.0,-0.0,-0.5606033017722749,-0.009620053411022093,-0.8143056567127944,-0.6501881524641904,0.0
2019-10-22,1.0,-0.0,-0.5726291604945737,-0.007557664983826598,-0.8075818495117749,-0.6352973185404638,0.0
2019-10-23,1.0,-0.0,-0.561021228841298,-0.0,-0.8065089310764051,-0.7497739954487359,0.0
2019-10-24,1.0,-0.0,-0.5548577529360045,-0.0024492871946241285,-0.8345789110092319,-0.7482258368397914,0.0
2019-10-25,1.0,-0.0,-0.5556638475807212,-0.0,-0.8321124280818688,-0.7561857452761971,0.0
2019-10-28,1.0,-0.0,-0.5507530072932783,-0.0,-0.8230038202885739,-0.7835064566034161,0.0
2019-10-29,1.0,-0.0,-0.5474682537156679,-0.027529359345660545,-0.8303363992234494,-0.7772508831673085,0.0
2019-10-30,1.0,-0.0,-0.5543142684362965,-0.028613259492663672,-0.8251376555587382,-0.7747223017919093,0.0
2019-10-31,1.0,-0.0,-0.552,-0.03152191235059761,-0.8008286852589641,-0.8029003984063746,0.0
2019-11-01,1.0,-0.0,-0.5541329739442947,-0.041875240662302665,-0.7980361956103197,-0.8147542035682199,0.0
2019-11-04,1.0,-0.0,-0.5823661236913402,-0.023380272268120544,-0.8530287319797972,-0.8860755259725055,0.0
2019-11-05,1.0,-0.0,-0.603486059134891,-0.10913320521897443,-0.81578503759145,-0.8430599103199488,0.0
2019-11-06,1.0,-0.0,-0.5967122915463777,-0.12566654213225553,-0.8177495499779234,-0.8562646469449444,0.0
2019-11-07,1.0,-0.0,-0.6116746085772634,-0.11950306330837304,-0.819434989788972,-0.8530633083730429,0.0
2019-11-08,1.0,-0.0,-0.6025168815224065,-0.12059204692722189,-0.8256258099720347,-0.8616738285246573,0.0
2019-11-11,1.0,-0.0,-0.5927145503189957,-0.14907045345407147,-0.8173492488166288,-0.8708925018865336,0.0
2019-11-12,1.0,-0.0,-0.5815006690225409,-0.1485573129310049,-0.8245102411912032,-0.876350910899921,0.0
2019-11-13,1.0,-0.0,-0.589728453364817,-0.22227238002639071,-0.7912355024654489,-0.8691923050211819,0.0
2019-11-14,1.0,-0.0,-0.587937081148651,-0.21948678773568525,-0.7842286190492724,-0.8806208548907948,0.0
2019-11-15,1.0,-0.0,-0.5883170104882962,-0.22146975064249497,-0.782142112940196,-0.8810516079738836,0.0
2019-11-18,1.0,-0.0,-0.5762913259243726,-0.22377158034528552,-0.7991892080799609,-0.895470748584609,0.0
2019-11-19,1.0,-0.0,-0.6277403486258154,-0.2215092859943678,-0.8083983887641251,-0.9070331158877839,0.0
2019-11-20,1.0,-0.0,-0.6270172063695628,-0.2140643368601047,-0.8108011827152577,-0.9105482526450784,0.0
2019-11-21,1.0,-0.0,-0.6115263785072039,-0.2636045209980861,-0.8003105477918607,-0.9356154985014263,0.0
2019-11-22,1.0,-0.0,-0.6139605244201124,-0.2481630888920905,-0.7926811698602507,-0.9469817029246506,0.0
2019-11-25,1.0,-0.0,-0.6137541384770404,-0.24453001295523244,-0.7905570749964013,-0.949834460918382,0.0
2019-11-26,1.0,-0.0,-0.6051202761497249,-0.2468088166552803,-0.7868828880658731,-0.956851605479846,0.0
2019-11-27,1.0,-0.0,-0.5962016649248622,-0.23514360877869472,-0.7951277523514361,-0.977260441817723,0.0
2019-11-29,1.0,-0.0,-0.5954325963039611,-0.2689975674400029,-0.8164687942489924,-0.9497512979704461,0.0
2019-12-02,1.0,-0.0,-0.6101527304691792,-0.3179137823682379,-0.7970918946635901,-0.9374427718565725,0.0
2019-12-03,1.0,-0.0,-0.6058690249963455,-0.30594942259903524,-0.7997003362081567,-0.9429177020903378,0.0
2019-12-04,1.0,-0.0,-0.6278207903717022,-0.3108281657065277,-0.7944813415036877,-0.9361905111363886,0.0
2019-12-05,1.0,-0.0,-0.6168953656100898,-0.33809224396197807,-0.7808188778340792,-0.962865702555757,0.0
2019-12-06,1.0,-0.0,-0.6260494836169107,-0.34631101864923103,-0.7872798870644179,-0.9553458652202987,0.0
2019-12-09,1.0,-0.0,-0.5895516746049746,-0.39782263551825814,-0.8131095486504877,-0.9796250094503667,0.0
2019-12-10,1.0,-0.0,-0.5768602466715674,-0.5911541288899779,-0.955117209834191,-0.9608756023850363,0.0
2019-12-11,1.0,-0.0,-0.5772896469914509,-0.5945514787090441,-0.9561500388595738,-0.9624902851065571,0.0
2019-12-12,1.0,-0.0,-0.572842535787321,-0.5935787321063395,-0.9585685071574642,-0.9650306748466257,0.0
2019-12-13,1.0,-0.0,-0.5729392958150592,-0.6123703734065664,-0.9544206254867402,-0.9591753084395622,0.0
2019-12-16,1.0,-0.0,-0.5751065923253526,-0.6010577238438832,-0.9507215480485405,-0.9728189570350935,0.0
2019-12-17,1.0,-0.0,-0.5479755730299481,-0.6710306173665719,-1.0004600970386484,-0.9632340639116614,0.0
2019-12-18,1.0,-0.0,-0.5733137195517674,-0.7332237269069355,-1.0351317440401504,-0.9849002725738762,0.0
2019-12-19,1.0,-0.0,-0.599670724838612,-0.7392227373164074,-1.008491833109484,-0.985225943416663,0.0
2019-12-20,1.0,-0.0,-0.6078295212881386,-0.7441083286315697,-1.0088103814938587,-0.9793845753222516,0.0
2019-12-23,1.0,-0.0,-0.6280463964551023,-0.7372170815413354,-1.0186802206872583,-0.9602936704461531,0.0
2019-12-24,1.0,-0.0,-0.6296586214394434,-0.7278973689932594,-1.031833007175473,-0.9594259621656883,0.0
2019-12-26,1.0,-0.0,-0.6304139850408766,-0.7262132544790398,-1.0376152374325969,-0.9543398851974256,0.0
2019-12-27,1.0,-0.0,-0.6423065197508819,-0.7371630155481033,-1.0280475589042288,-0.947693915770219,0.0
2019-12-30,1.0,-0.0,-0.6437319569591462,-0.7562767911818739,-1.0410725220890562,-0.9329454990814453,0.0
2019-12-31,1.0,-0.0,-0.643568247314645,-0.7570954501790236,-1.0341454894769015,-0.9315780281198149,0.0
2020-01-02,1.0,-0.0,-0.6467526787666741,-0.7605073256068227,-1.0362562869013778,-0.9299803192652526,0.0
2020-01-03,1.0,-0.0,-0.6223877327491785,-0.7471193866374588,-1.0564293537787515,-0.9552245345016429,0.0
2020-01-06,1.0,-0.0,-0.6297894829560468,-0.7478640007046595,-1.063683607856954,-0.9627851669162335,0.0
2020-01-07,1.0,-0.0,-0.6322066719478919,-0.7459290555408855,-1.0582695185282986,-0.9646157908634804,0.0
2020-01-08,1.0,-0.0,-0.6214781724092175,-0.7592109336989694,-1.0532088991109734,-0.9891193772391524,0.0
2020-01-09,1.0,-0.0,-0.6370344187690541,-0.7480669818406751,-1.0451994874740422,-0.988026333230239,0.0
2020-01-10,1.0,-0.0,-0.638636866563399,-0.7562735118389023,-1.0444788670059746,-0.9863686656339898,0.0
2020-01-13,1.0,-0.0,-0.6392491920846429,-0.7618752490150072,-1.0417902518925142,-0.983974500863252,0.0
2020-01-14,1.0,-0.0,-0.6354889236965763,-0.8103378831953457,-1.0687849630789885,-0.9606623405683598,0.0
2020-01-15,1.0,-0.0,-0.6331595036863873,-0.8225139363423846,-1.086000719295091,-0.9538752023017443,0.0
2020-01-16,1.0,-0.0,-0.647575496898628,-0.8579707520260786,-1.0850273916783628,-0.9369765020147598,0.0
2020-01-17,1.0,-0.0,-0.658314040582868,-0.8582777248172861,-1.0928775704752824,-0.9300467565481865,0.0
2020-01-21,1.0,-0.0,-0.6597376662279308,-0.8551264013071302,-1.0952661916216584,-0.9285163164344393,0.0
2020-01-22,1.0,-0.0,-0.660690782008805,-0.8534471020741615,-1.096945490854627,-0.9275632006535651,0.0
2020-01-23,1.0,-0.0,-0.6523222490105991,-0.8400582268116272,-1.1127234681344675,-0.9438657144156849,0.0
2020-01-24,1.0,-0.0,-0.6504205501250284,-0.836553762218686,-1.1111161627642645,-0.9483518981586724,0.0
2020-01-27,1.0,-0.0,-0.6266356631559751,-0.865681849268226,-1.0937400264441708,-0.9732366753294124,0.0
2020-01-28,1.0,-0.0,-0.6528730411083352,-0.8740858505564387,-1.0745855098796275,-0.9408130819895525,0.0
2020-01-29,1.0,-0.0,-0.656650804441423,-0.8722864264672558,-1.063176977113075,-0.9399501472920915,0.0
2020-01-30,1.0,-0.0,-0.6551724137931034,-0.8705877022067153,-1.069328016674974,-0.9361547872581449,0.0
2020-01-31,1.0,-0.0,-0.6776506899055919,-0.8652414669571532,-1.06050290486565,-0.9355029048656499,0.0
2020-02-03,1.0,-0.0,-0.6679365363929723,-0.8405790605951954,-1.0397543922552885,-0.9335335245607744,0.0
2020-02-04,1.0,-0.0,-0.6618988020740211,-0.8281333810119792,-1.0395583765421061,-0.9402824959771142,0.0
2020-02-05,1.0,-0.0,-0.6715577622129622,-0.8446670804149303,-1.0110825427786152,-0.9057097260395425,0.0
2020-02-06,1.0,-0.0,-0.6867363592254422,-0.8554982135768162,-0.9920603414053196,-0.8766706364959641,0.0
2020-02-07,1.0,-0.0,-0.6913618334067873,-0.8564565888056414,-0.9865579550462759,-0.8728955486998679,0.0
2020-02-10,1.0,-0.0,-0.6807470378364092,-0.8593577941241245,-0.991454873805224,-0.873100471303352,0.0
2020-02-11,1.0,-0.0,-0.6707081356527851,-0.8531453171674573,-0.9784308557371288,-0.8905728342997715,0.0
2020-02-12,1.0,-0.0,-0.6700035124692659,-0.8461099402880224,-0.978310502283105,-0.896162627327011,0.0
2020-02-13,1.0,-0.0,-0.6948309705561613,-0.8303162486368593,-0.973391494002181,-0.8635550708833152,0.0
2020-02-14,1.0,-0.0,-0.7042407302266672,-0.8459186793029654,-0.9505612088919946,-0.8666637550770844,0.0
2020-02-18,1.0,-0.0,-0.7086326237429803,-0.8359670889382265,-0.9378346610944235,-0.8709242087849898,0.0
2020-02-19,1.0,-0.0,-0.7408264896033548,-0.8441813734055565,-0.9227240957539752,-0.8606063253538353,0.0
2020-02-20,1.0,-0.0,-0.7414305701294159,-0.8451381601958726,-0.9245365512416929,-0.8610090940888422,0.0
2020-02-21,1.0,-0.0,-0.7990705303444505,-0.9306998359759432,-0.9492892290869327,-0.8771642063058137,0.0
2020-02-24,1.0,-0.0,-0.8129512841604972,-0.9352892788593365,-0.9484050818023947,-0.8733205374280231,0.0
2020-02-25,1.0,-0.0,-0.8337688798334588,-0.9138060858395712,-0.8532577401780573,-0.8284537361031138,0.0
2020-02-26,1.0,-0.0,-0.8114263572566409,-0.8705816506651741,-0.8371292030826194,-0.7861970982046755,0.0
2020-02-27,1.0,-0.0,-0.8010160151541244,-0.8656793525055968,-0.8631393146202859,-0.7753573273635269,0.0
2020-02-28,1.0,-0.0,-0.8614322480493484,-0.74913190898321,-0.7323828587769108,-0.7422280321908574,0.0
2020-03-02,1.0,-0.0,-0.861916001953443,-0.7294481523685497,-0.7358782353898747,-0.7423897118671658,0.0
2020-03-03,1.0,-0.0,-0.944535200311163,-0.5793465577596266,-0.6600544535200311,-0.7055620381174641,0.0
2020-03-04,1.0,-0.0,-0.9900468834063485,-0.5959188379063869,-0.592460225962647,-0.6644762124356314,0.0
2020-03-05,1.0,-0.0,-1.0591762252346195,-0.49918069417548044,-0.5317294801132132,-0.6340309846566364,0.0
2020-03-06,1.0,-0.0,-1.1185051146645002,-0.46500978618117367,-0.5064441079803539,-0.602939547250637,0.0
2020-03-09,1.0,-0.0,-1.1035356316774976,-0.4626794434041928,-0.4997246392774535,-0.6054998714983295,0.0
2020-03-10,1.0,-0.13719924303865907,-0.7922073533387402,-0.4656663963233306,-0.5041903217085698,-0.48002838605028386,0.0
2020-03-11,1.0,-0.070047115416296,-0.8867582616717735,-0.47319692926097984,-0.439985502948832,-0.4247965470659945,0.0
2020-03-12,1.0,-0.09263063294389523,-0.8322634484529464,-0.42348183335473105,-0.43734754140454485,-0.4239311850044935,0.0
2020-03-13,1.0,-0.19918540924201134,-0.6890778952412326,-0.3476984816267857,-0.4017250157227996,-0.35713216136084575,0.0
2020-03-16,1.0,-0.15922833285344085,-0.7627411459832998,-0.3140800460696804,-0.3676360495249064,-0.2756694500431903,0.0
2020-03-17,1.0,-0.2268402740023921,-0.5543927367619876,-0.2322496466238991,-0.39368815918234207,-0.3111068826791345,0.0
2020-03-18,1.0,-0.22436191762322755,-0.5567859554355165,-0.21704253882511815,-0.39097906819716405,-0.3117353139770425,0.0
2020-03-19,1.0,-0.22028656547027947,-0.660065257483331,-0.27141438501915166,-0.42391828628174205,-0.26159738970066676,0.0
2020-03-20,1.0,-0.2354798528431969,-0.7965586164943078,-0.2396222589148634,-0.4304336490831667,-0.19469308536832652,0.0
2020-03-23,1.0,-0.23633156966490299,-0.7993176627056408,-0.2326018446237025,-0.4281955648075867,-0.19481308005898168,0.0
2020-03-24,1.0,-0.24598822442853843,-0.8012006465019627,-0.21689563611175247,-0.42135188178249827,-0.2007330870468714,0.0
2020-03-25,1.0,-0.24870069012524496,-0.7891567975916618,-0.18945783987958312,-0.4141603476186419,-0.19854590894890803,0.0
2020-03-26,1.0,-0.2434137607639185,-0.7879330434535481,-0.19390684059453775,-0.4156080370591412,-0.20109699604967743,0.0
2020-03-27,1.0,-0.24114761999262893,-0.7902078076715902,-0.1905139908712046,-0.41408442718226407,-0.19904743004564396,0.0
2020-03-30,1.0,-0.22700045207956598,-0.7887940777576853,-0.20857820976491862,-0.41498078661844484,-0.18611550632911392,0.0
2020-03-31,1.0,-0.22251980491105408,-0.792591130782893,-0.20946688844408107,-0.4108426602012912,-0.1837839361732119,0.0
2020-04-01,1.0,-0.22055003388299074,-0.7883442511859048,-0.2220182968149989,-0.40874181161057155,-0.18389993223401851,0.0
2020-04-02,1.0,-0.22914798206278025,-0.7644058295964125,-0.2148822869955157,-0.41656390134529153,-0.17769058295964124,0.0
2020-04-03,1.0,-0.23051456147242017,-0.7633129454014926,-0.21418551147522585,-0.4221985298243645,-0.1754952022894338,0.0
2020-04-06,1.0,-0.23434965034965033,-0.7681958041958041,-0.20612587412587416,-0.4187412587412588,-0.16979020979020978,0.0
2020-04-07,1.0,-0.21933065005237912,-0.7541214092738601,-0.1981308926503832,-0.4207145613938358,-0.16452555549429343,0.0
2020-04-08,1.0,-0.22220996608112953,-0.7525025508093649,-0.20574690455836525,-0.421834928163693,-0.15533739624410556,0.0
2020-04-09,1.0,-0.23002913849029635,-0.7349222057287371,-0.21713673099125846,-0.42182088075210294,-0.1450052229369399,0.0
2020-04-13,1.0,-0.24111507827519915,-0.7059873661082121,-0.22628398791540788,-0.4236748146113706,-0.14943696786597088,0.0
2020-04-14,1.0,-0.2419881916792531,-0.6976246052450913,-0.2344363586434162,-0.4227378827406289,-0.14936152684333381,0.0
2020-04-15,1.0,-0.24383004452261856,-0.6991700104435772,-0.23660198977628757,-0.42428406529984053,-0.14442367943714615,0.0
2020-04-16,1.0,-0.24072142308114639,-0.6983913473152521,-0.23215658284835844,-0.4268419896782694,-0.14702975732952675,0.0
2020-04-17,1.0,-0.23716181167927053,-0.6803625542602855,-0.2377351279041197,-0.4229708700756232,-0.1518741980398045,0.0
2020-04-20,1.0,-0.25524837777414255,-0.6567697257211407,-0.25391242706799716,-0.4194885217296472,-0.14103822454877582,0.0
2020-04-21,1.0,-0.2592925904715154,-0.6612397392893179,-0.25768360195260304,-0.4155553737489432,-0.13332787913496413,0.0
2020-04-22,1.0,-0.2543465839523304,-0.669088237694882,-0.2520610562403069,-0.41664626016923784,-0.1286969771175142,0.0
2020-04-23,1.0,-0.25951264718709116,-0.6651493676406455,-0.2541975577845617,-0.419047099869167,-0.12778020061055387,0.0
2020-04-24,1.0,-0.25880075259727864,-0.6710113707632318,-0.2505112753251711,-0.4175006135303902,-0.12895045401248875,0.0
2020-04-27,1.0,-0.26051978510458423,-0.6657667239357495,-0.2504022471297281,-0.4171098202841637,-0.13327333715127218,0.0
2020-04-28,1.0,-0.26280058890888275,-0.6627951360488576,-0.2498773106494356,-0.4185887998255085,-0.13236817710889362,0.0
2020-04-29,1.0,-0.2171410925832351,-0.733956543708944,-0.22472067823255293,-0.43402953231149294,-0.19740609735556677,0.0
2020-04-30,1.0,-0.21734133213725051,-0.7263960529266652,-0.22861067503924648,-0.4393081408387531,-0.19169096209912537,0.0
2020-05-01,1.0,-0.21355656514667112,-0.7324303101688261,-0.22735431039317966,-0.4375736160188457,-0.19353300802064052,0.0
2020-05-04,1.0,-0.20698909700866647,-0.7314509365389991,-0.23091976516634052,-0.4394464635169136,-0.18680458484763768,0.0
2020-05-05,1.0,-0.2065226504205908,-0.7339798228208926,-0.22287119581924378,-0.440041360422547,-0.19120811558561326,0.0
2020-05-06,1.0,-0.2039493897159456,-0.7336536044465548,-0.220260871993967,-0.4411362176353937,-0.19406195011591207,0.0
2020-05-07,1.0,-0.21021298004360223,-0.7366258594667114,-0.21865392140421488,-0.43957180390183914,-0.1899491307507407,0.0
2020-05-08,1.0,-0.20736374556527085,-0.7384417688633126,-0.22071681984523842,-0.43796966226220074,-0.1890661228594575,0.0
2020-05-11,1.0,-0.2014062018543937,-0.752794195915852,-0.21499201658309758,-0.43578251491638426,-0.19622398386509426,0.0
2020-05-12,1.0,-0.19565583431554134,-0.7551495762474042,-0.19736768255037326,-0.44376157602289945,-0.2143739125554246,0.0
2020-05-13,1.0,-0.18624441964285715,-0.7627232142857143,-0.1824497767857143,-0.4377511160714286,-0.22098214285714288,0.0
2020-05-14,1.0,-0.19018815331010452,-0.7538675958188154,-0.1981602787456446,-0.44314982578397216,-0.2021184668989547,0.0
2020-05-15,1.0,-0.2017005854474491,-0.7592695846110955,-0.2015333147477,-0.44248675773626983,-0.18285475327571785,0.0
2020-05-18,1.0,-0.20409758276112322,-0.7504884720593982,-0.19282085636130183,-0.442416122369229,-0.20144587729581867,0.0
2020-05-19,1.0,-0.21340545363296715,-0.7298276919645347,-0.21979033067529136,-0.4453800256510344,-0.17975241175486534,0.0
2020-05-20,1.0,-0.21230794969745978,-0.7322309901569863,-0.21869336084543958,-0.4464211025290689,-0.17876362825195885,0.0
2020-05-21,1.0,-0.2179244231412329,-0.7282075576858766,-0.22263404302753317,-0.4450172778954409,-0.17297402742169213,0.0
2020-05-22,1.0,-0.21751491164501924,-0.7269078543954512,-0.22392552539160487,-0.44592786665923406,-0.17291933775572774,0.0
2020-05-26,1.0,-0.21703373292444939,-0.7243657652634513,-0.22272093671591858,-0.4470309450794535,-0.17669361583495957,0.0
2020-05-27,1.0,-0.21300917277720466,-0.7273817157833106,-0.21786042880642373,-0.4472635012685756,-0.18259123985836564,0.0
2020-05-28,1.0,-0.22390473800161745,-0.722189687386709,-0.22382107699601214,-0.4509049332106305,-0.16787975124794333,0.0
2020-05-29,1.0,-0.22353269203959292,-0.7220688693712533,-0.22364422138575213,-0.451972675310191,-0.16701519587341418,0.0
2020-06-01,1.0,-0.22455690558466168,-0.731635269200758,-0.21265745178909823,-0.4517054954854532,-0.1662022071118047,0.0
2020-06-02,1.0,-0.22409182081568976,-0.7313906841987965,-0.21319924225540451,-0.451582349008246,-0.165589480722086,0.0
2020-06-03,1.0,-0.22324389088578672,-0.7322856585583326,-0.21338014433391847,-0.45150324611998105,-0.16598400624146675,0.0
2020-06-04,1.0,-0.22428682861600177,-0.7297749052819257,-0.22021952306663695,-0.45030086917762424,-0.1612435926008469,0.0
2020-06-05,1.0,-0.2315589777926571,-0.7333723914741659,-0.226146635420154,-0.45081464122307785,-0.14800245508313806,0.0
2020-06-08,1.0,-0.2322717267129204,-0.7321184764133857,-0.2322717267129204,-0.4465713728440469,-0.14313577976538772,0.0
2020-06-09,1.0,-0.23605150214592277,-0.7304776768296083,-0.2336268881333259,-0.4471601360013378,-0.13956858592051727,0.0
2020-06-10,1.0,-0.249233000502036,-0.7228203268812405,-0.24100518770569532,-0.44617058068834714,-0.12988787861884307,0.0
2020-06-11,1.0,-0.24613024682749965,-0.7276530469948405,-0.23530888300097616,-0.4460744666015898,-0.1338446520708409,0.0
2020-06-12,1.0,-0.2485839626832519,-0.7061306086183918,-0.24680697467792093,-0.4374444691248334,-0.13754997778764994,0.0
2020-06-15,1.0,-0.2507429523677267,-0.7054853492570478,-0.2466879600055548,-0.43818914039716705,-0.13631440077766976,0.0
2020-06-16,1.0,-0.25197746385057307,-0.6995365102273042,-0.24120895895201352,-0.44109239266187444,-0.14157253476173295,0.0
2020-06-17,1.0,-0.25029803986803073,-0.6969696969696969,-0.24114890903545982,-0.44048906262995924,-0.14355818015470348,0.0
2020-06-18,1.0,-0.2490850615504048,-0.6991238771209937,-0.23963069757125433,-0.44027947210824,-0.14444937340578906,0.0
2020-06-19,1.0,-0.24826056826056825,-0.6974636174636174,-0.24002772002772002,-0.4397227997227997,-0.14652806652806652,0.0
2020-06-22,1.0,-0.24520255863539447,-0.6969789272561127,-0.23852906155678008,-0.4395093179741367,-0.14883836845457313,0.0
2020-06-23,1.0,-0.24560383262717733,-0.6968790673202071,-0.23854227243776133,-0.43972750685386724,-0.148486610728033,0.0
2020-06-24,1.0,-0.2435336471891443,-0.6961229576294655,-0.24026585433397954,-0.43896427582387154,-0.15042924397673776,0.0
2020-06-25,1.0,-0.24115435647943387,-0.6932773109243697,-0.2470975232198142,-0.4385227775320654,-0.14421163202122952,0.0
2020-06-26,1.0,-0.24122297782938024,-0.6931774202465859,-0.2473323381434179,-0.4386299552164538,-0.14405374025543208,0.0
2020-06-29,1.0,-0.23626676972340308,-0.6890354993650969,-0.2519185115662783,-0.4347982112295037,-0.14842930491911885,0.0
2020-06-30,1.0,-0.23647455007176768,-0.6874792977807221,-0.25201501600971626,-0.4352710610577454,-0.14905597880092747,0.0
2020-07-01,1.0,-0.2322739060861888,-0.6882690503779727,-0.24681344148319814,-0.4429730177122993,-0.14859570711250897,0.0
2020-07-02,1.0,-0.22478076223043406,-0.6927361976724946,-0.2430643648998952,-0.4391649660801942,-0.1579890794771386,0.0
2020-07-06,1.0,-0.22406696317577834,-0.6914279399983426,-0.2470233984364209,-0.4410895328600238,-0.15892704218348574,0.0
2020-07-07,1.0,-0.22292184479425575,-0.6923225628279482,-0.24587130626898648,-0.44125932062966033,-0.15929301297983983,0.0
2020-07-08,1.0,-0.22269162800971948,-0.6934504086591562,-0.24649326264634416,-0.4407720344599072,-0.15783079301965983,0.0
2020-07-09,1.0,-0.21757010377566793,-0.6908809891808346,-0.24605321262971958,-0.44239898432325014,-0.16308787811879003,0.0
2020-07-10,1.0,-0.2216547497446374,-0.6871048781161141,-0.250559037075891,-0.4426469370289595,-0.1587113160146868,0.0
2020-07-13,1.0,-0.23281124830805777,-0.6851468191486423,-0.2527002016518881,-0.4448219662440264,-0.14684677218861358,0.0
2020-07-14,1.0,-0.2269904788188216,-0.6874568787084311,-0.24939975162136058,-0.44713674623982336,-0.14875120739616393,0.0
2020-07-15,1.0,-0.2299389957766307,-0.6829712645264582,-0.2506693902338035,-0.4467386203660254,-0.15002622353493253,0.0
2020-07-16,1.0,-0.2365419141002624,-0.6691340975003452,-0.254826681397597,-0.45057312525894216,-0.1509460019334346,0.0
2020-07-17,1.0,-0.20996373353693454,-0.6591770512366046,-0.24159463365418699,-0.4454230632890682,-0.17061598451176616,0.0
2020-07-20,1.0,-0.2114623966829428,-0.655500695599989,-0.24395100793802338,-0.44289260481737086,-0.17406366785782482,0.0
2020-07-21,1.0,-0.2101071808438105,-0.6534758774920227,-0.24777047481386533,-0.4437777838383288,-0.17208934464232145,0.0
2020-07-22,1.0,-0.2071512277546126,-0.6568555310277165,-0.24448804949172867,-0.4434905840351021,-0.17333006295478703,0.0
2020-07-23,1.0,-0.20896459476428358,-0.6624082111757159,-0.24731799197444929,-0.4447356208882702,-0.16638003985477576,0.0
2020-07-24,1.0,-0.19989646904969488,-0.6646142109851787,-0.24667611159546643,-0.4437935919790759,-0.16949106364428945,0.0
2020-07-27,1.0,-0.19870904485660593,-0.6626358362611324,-0.24740583380995182,-0.44009586839883436,-0.1746602391262903,0.0
2020-07-28,1.0,-0.2000926354793886,-0.6624526605454595,-0.24820859330299974,-0.43974606980355824,-0.17407296406288314,0.0
2020-07-29,1.0,-0.20204498977505111,-0.6570688479890934,-0.24883435582822083,-0.43877300613496933,-0.17993183367416493,0.0
2020-07-30,1.0,-0.20123712463894491,-0.653387105564336,-0.249877377513761,-0.43996948062564717,-0.18044580086108236,0.0
2020-07-31,1.0,-0.2004525380295513,-0.654489940570307,-0.24987732402813373,-0.4401068644021591,-0.18120604111008126,0.0
2020-08-03,1.0,-0.2042111571148398,-0.6521845718021355,-0.24899215515362824,-0.43991065591632167,-0.1785792111571148,0.0
2020-08-04,1.0,-0.20790945042956502,-0.6574117005318424,-0.2520660030001364,-0.43660166371198694,-0.17338060820946408,0.0
2020-08-05,1.0,-0.2086071944800502,-0.6567213025336133,-0.2519431641530532,-0.4351869528458832,-0.17478932009709,0.0
2020-08-06,1.0,-0.20829128596754398,-0.6501568253102414,-0.2543297422610119,-0.43523796536206194,-0.17935360698213557,0.0
2020-08-07,1.0,-0.21276188915294053,-0.6473817913627795,-0.2552924144336092,-0.4352754787074216,-0.1808298505831899,0.0
2020-08-10,1.0,-0.2211041535642996,-0.6418473653988133,-0.25878428262831205,-0.4360285472095376,-0.17661535096114406,0.0
2020-08-11,1.0,-0.2144108149526572,-0.6422199113349023,-0.2518471895353292,-0.43725028734059435,-0.1908488862131246,0.0
2020-08-12,1.0,-0.21062130824764821,-0.6438416101509516,-0.24783964121636404,-0.4377871362940276,-0.19454167578210455,0.0
2020-08-13,1.0,-0.20670055200306062,-0.6493414220910532,-0.23563972235885666,-0.43917035579603214,-0.20183636661747828,0.0
2020-08-14,1.0,-0.20807258218785016,-0.6505342551854181,-0.23611073156068102,-0.43912770201951196,-0.1989178258136802,0.0
2020-08-17,1.0,-0.2095292766934558,-0.6509758897818599,-0.23629107211196765,-0.43895905089934945,-0.1978021978021978,0.0
2020-08-18,1.0,-0.20799846919249906,-0.6475315729047073,-0.23454157782515994,-0.4401891640697611,-0.2033240391449347,0.0
2020-08-19,1.0,-0.2039428774267537,-0.648663408240723,-0.23537121481036508,-0.43966906042650794,-0.2028506676132485,0.0
2020-08-20,1.0,-0.20445670280455502,-0.6494988940167672,-0.23547884977743794,-0.43999016903793114,-0.20139818127201725,0.0
2020-08-21,1.0,-0.20627594494210183,-0.6479407909110771,-0.2415064452698274,-0.43983504478916324,-0.19546100065545116,0.0
2020-08-24,1.0,-0.20766310729988802,-0.6453013627550045,-0.25023896004588037,-0.44001420105415523,-0.18775432176311552,0.0
2020-08-25,1.0,-0.20766145534910369,-0.6399825379935062,-0.2520804343674115,-0.4400698480259747,-0.18861695451692995,0.0
2020-08-26,1.0,-0.20568169413819454,-0.6400775024560638,-0.25169195502674385,-0.4406997052723502,-0.19083615325837794,0.0
2020-08-27,1.0,-0.20285862360546633,-0.6418537410327051,-0.24993862687869944,-0.4401680259676496,-0.1928479855977742,0.0
2020-08-28,1.0,-0.20458948402412075,-0.6398264618407051,-0.2512483287402112,-0.4397937187917815,-0.1931294169008704,0.0
2020-08-31,1.0,-0.20532257184926653,-0.6378633364236244,-0.2562851066150406,-0.43853956481430983,-0.1887440693679446,0.0
2020-09-01,1.0,-0.2043242358971563,-0.6394743299615563,-0.2522016522616354,-0.4412847288491425,-0.1892194018049459,0.0
2020-09-02,1.0,-0.20172784999863735,-0.6390592211048429,-0.2519281606845992,-0.4406017496525223,-0.19197122066879244,0.0
2020-09-03,1.0,-0.20117182177408366,-0.6383703501839488,-0.2522141981196348,-0.4400327020029977,-0.19337784439296907,0.0
2020-09-04,1.0,-0.18250074539885616,-0.6426151302415093,-0.23801263112243515,-0.4429837638576424,-0.20445612988913886,0.0
2020-09-08,1.0,-0.17742547425474256,-0.6402710027100271,-0.23582655826558266,-0.4419241192411924,-0.214579945799458,0.0
2020-09-09,1.0,-0.17237742380398627,-0.6418314087135247,-0.22887200151445494,-0.4412743056494578,-0.22000162263028372,0.0
2020-09-10,1.0,-0.16664417757387667,-0.6386722439616787,-0.22463905006072055,-0.4413169612737822,-0.22741870192956415,0.0
2020-09-11,1.0,-0.16704441206626733,-0.639819761480762,-0.2254060763045707,-0.4396956451351789,-0.22624251254654362,0.0
2020-09-14,1.0,-0.16976191761593695,-0.6415537439939534,-0.22620525832748475,-0.43891378286454674,-0.2229120552826216,0.0
2020-09-15,1.0,-0.173862531071004,-0.6303901437371663,-0.21676753485356098,-0.45063763103858206,-0.2301685939695234,0.0
2020-09-16,1.0,-0.17859560755003112,-0.6198716386383947,-0.22392829095241965,-0.45224361578248984,-0.23340645056462753,0.0
2020-09-17,1.0,-0.18034563085757624,-0.6183162684869169,-0.224849666829189,-0.4524893006121675,-0.2327049135922856,0.0
2020-09-18,1.0,-0.17714131315860576,-0.6142393947581735,-0.22756011888678737,-0.4502296676573899,-0.23280194542015673,0.0
2020-09-21,1.0,-0.1748704663212435,-0.6139626511226252,-0.2299222797927461,-0.4476737910189983,-0.23221610535405873,0.0
2020-09-22,1.0,-0.17673263317044197,-0.6113825967223737,-0.23191770836145686,-0.4469883096195902,-0.23280866114095952,0.0
2020-09-23,1.0,-0.17538743992656192,-0.6096981478481559,-0.23319293698363844,-0.44648739132782544,-0.23519088503698907,0.0
2020-09-24,1.0,-0.1734660838594787,-0.6096271113269657,-0.23188171172629649,-0.44738546219847825,-0.23582105660784633,0.0
2020-09-25,1.0,-0.17435593403039773,-0.6063382559016923,-0.23242966476231539,-0.4475854263231648,-0.23412741187884012,0.0
2020-09-28,1.0,-0.17195532229847935,-0.6034181133091105,-0.22712959224868795,-0.4477997577714978,-0.2411250168214238,0.0
2020-09-29,1.0,-0.17313641621607082,-0.5997094665483012,-0.2264008823608533,-0.4487665778925564,-0.24213811099453905,0.0
2020-09-30,1.0,-0.17324402119818147,-0.5997363677938289,-0.22771904339170904,-0.4476905280714497,-0.241734592311624,0.0
2020-10-01,1.0,-0.17350259541163499,-0.5993652672063688,-0.22678249643635193,-0.44729835130846407,-0.2425970253624163,0.0
2020-10-02,1.0,-0.17130413743043793,-0.5958813882840014,-0.22569024383686853,-0.44906847326397287,-0.24644460574777535,0.0
2020-10-05,1.0,-0.17115663816744636,-0.5962520836694091,-0.22565467548529333,-0.4494273269882239,-0.2461418508361564,0.0
2020-10-06,1.0,-0.17712029453352188,-0.5933356454926233,-0.2345063095269856,-0.43734492970146466,-0.22556892457914254,0.0
2020-10-07,1.0,-0.17695528119250153,-0.5935575051331965,-0.23255379856537156,-0.43854830537852324,-0.22498066718220847,0.0
2020-10-08,1.0,-0.17776652991635142,-0.5918003090201929,-0.2360807714848953,-0.4359582289946188,-0.22236134050828496,0.0
2020-10-09,1.0,-0.17784520387522623,-0.5942989460236346,-0.23634621526668798,-0.437267113808155,-0.21579899925476417,0.0
2020-10-12,1.0,-0.18203838270914852,-0.5953046394633873,-0.23423567302829457,-0.43559849876227735,-0.21459181772205807,0.0
2020-10-13,1.0,-0.18334708214694379,-0.5945341813246761,-0.23321535964235343,-0.43500359243194336,-0.21498709385561085,0.0
2020-10-14,1.0,-0.18286611825466548,-0.5927907781593589,-0.23267577137076378,-0.43918217394776776,-0.2146793387109656,0.0
2020-10-15,1.0,-0.18201381509032943,-0.5904357066950052,-0.23012752391073327,-0.4385494155154091,-0.21559511158342187,0.0
2020-10-16,1.0,-0.17457484778500945,-0.5829046819231577,-0.23553957589754357,-0.42630694940163766,-0.20507033382322068,0.0
2020-10-19,1.0,-0.17442074050749168,-0.5822771523787031,-0.23327822824004832,-0.426513422026293,-0.20756251804035794,0.0
2020-10-20,1.0,-0.17220139962781433,-0.5826802610541767,-0.2306764867769245,-0.42387230361963674,-0.21156920818808483,0.0
2020-10-21,1.0,-0.17028520545792628,-0.579865385119032,-0.2335856271115418,-0.42267501244009115,-0.21260770499960716,0.0
2020-10-22,1.0,-0.17031470911661517,-0.579698381944808,-0.2337801748965806,-0.42257946274283914,-0.21183955595119652,0.0
2020-10-23,1.0,-0.17240476502159968,-0.5780075926168347,-0.2343500458175154,-0.4230920277523236,-0.21028930488283806,0.0
2020-10-26,1.0,-0.17128344766193646,-0.5750903283238206,-0.23535110226737183,-0.42142744933759224,-0.21511232130701155,0.0
2020-10-27,1.0,-0.1690907188448258,-0.576436120121377,-0.23686826409961287,-0.42123574343413206,-0.21222664015904572,0.0
2020-10-28,1.0,-0.16929514842421864,-0.5760690466849745,-0.23998953838106443,-0.42126324048646524,-0.2087616058585066,0.0
2020-10-29,1.0,-0.16042752867570384,-0.579014598540146,-0.23866006256517208,-0.4186392075078207,-0.21016684045881126,0.0
2020-10-30,1.0,-0.1573165334652331,-0.5809751906906516,-0.24129851873063804,-0.4167859839116965,-0.20693515216202849,0.0
2020-11-02,1.0,-0.15508132726089785,-0.580117111255693,-0.2410149642160052,-0.41722836694860116,-0.2090045543266103,0.0
2020-11-03,1.0,-0.16588468355750183,-0.5788238974038161,-0.24444791992492965,-0.4203419872797414,-0.19713794182045669,0.0
2020-11-04,1.0,-0.16621516019796823,-0.5754363115394634,-0.243969783797864,-0.4210210992445949,-0.19820265694191197,0.0
2020-11-05,1.0,-0.1473186447723966,-0.5854552068177095,-0.2291883184369154,-0.4232488048222822,-0.21294949075036376,0.0
2020-11-06,1.0,-0.15607163428810808,-0.5922134366654448,-0.22841283971304394,-0.4262973241870451,-0.2152432319212442,0.0
