Date,IWF,IWM,MTUM,SPY,TRMD,VLUE,VXX
2018-10-24,-0.0,-3.1827398615232445,-0.0,-4.195227497527201,1.0,-3.9860286844708215,0.0
2018-10-25,-0.0,-2.67072758037225,-0.0,-4.11697687535251,1.0,-3.4926113931190073,0.0
2018-10-26,-0.0,-2.5230500327725585,-0.0,-4.0750491588376665,1.0,-3.3261961983832204,0.0
2018-10-29,-0.0,-2.490920675374323,-0.0,-3.8553679515769352,1.0,-3.2728045024954864,0.0
2018-10-30,-0.0,-2.477822580645161,-0.0,-3.830539049235993,1.0,-3.302737691001698,0.0
2018-10-31,-0.0,-2.299835255354201,-0.0,-3.7737850082372324,1.0,-3.222920098846788,0.0
2018-11-01,-0.0,-2.670306406685237,-0.0,-4.013927576601672,1.0,-3.457938718662953,0.0
2018-11-02,-0.0,-2.445076586433261,-0.0,-4.095514223194749,1.0,-3.400328227571116,0.0
2018-11-05,-0.0,-2.5146448087431694,-0.0,-4.094754098360656,1.0,-3.319562841530055,0.0
2018-11-06,-0.0,-2.5432624113475177,-0.0,-4.079759956355701,1.0,-3.2880523731587563,0.0
2018-11-07,-0.0,-2.541625857002938,-0.0,-4.060615953857874,1.0,-3.280335183371422,0.0
2018-11-08,-0.0,-2.569869689585761,-0.0,-3.8051700391990675,1.0,-3.219302892255535,0.0
2018-11-09,-0.0,-2.5682516149528754,-0.0,-3.805993857884147,1.0,-3.2156094461505873,0.0
2018-11-12,-0.0,-2.476826810902535,-0.0,-3.904443737405875,1.0,-3.2243079860006367,0.0
2018-11-13,-0.0,-2.4026244532389085,-0.0,-3.8609664653197253,1.0,-3.1509060612372424,0.0
2018-11-14,-0.0,-2.3998958875585634,-0.0,-3.8622592399791777,1.0,-3.1490890161374288,0.0
2018-11-15,-0.0,-2.4036107076156883,-0.0,-3.88389707408176,1.0,-3.088192571072837,0.0
2018-11-16,-0.0,-2.340721649484536,-0.0,-3.855154639175258,1.0,-3.1134020618556697,0.0
2018-11-19,-0.0,-2.453222008135303,-0.0,-4.009847998287304,1.0,-3.241275958038964,0.0
2018-11-20,-0.0,-2.2975857424101127,-0.0,-3.849238420889027,1.0,-3.2149000103616205,0.0
2018-11-21,-0.0,-2.265369571758099,-0.0,-3.6772640657907933,1.0,-3.086350416207001,0.0
2018-11-23,-0.0,-2.2491249124912494,-0.0,-3.672267226722673,1.0,-3.0796079607960793,0.0
2018-11-26,-0.0,-2.312436906925096,-0.0,-3.691601049868767,1.0,-3.0907530789420554,0.0
2018-11-27,-0.0,-2.3028736203639255,-0.0,-3.6160882967087598,1.0,-3.024361141493487,0.0
2018-11-28,-0.0,-2.4926235427628183,-0.0,-3.708552563705767,1.0,-3.1155473021768283,0.0
2018-11-29,-0.0,-2.390280864821176,-0.0,-3.6076985249545364,1.0,-3.104970701151748,0.0
2018-11-30,-0.0,-2.6874444444444445,-0.0,-4.032444444444445,1.0,-3.3912222222222224,0.0
2018-12-03,-0.0,-2.679880411914517,-0.0,-4.016387996899568,1.0,-3.376591739563725,0.0
2018-12-04,-0.0,-2.64843068875327,-0.0,-3.934938971229294,1.0,-3.3146251089799477,0.0
2018-12-06,-0.0,-2.337886872998933,-0.0,-4.097758804695838,1.0,-3.236712913553895,0.0
2018-12-07,-0.0,-2.3382415706359367,-0.0,-4.103606487409304,1.0,-3.228233034571063,0.0
2018-12-10,-0.0,-2.335460251046025,-0.0,-4.050627615062761,1.0,-3.074163179916318,0.0
2018-12-11,-0.0,-2.3379382522239665,-0.0,-4.047409733124019,1.0,-3.0802721088435376,0.0
2018-12-12,-0.0,-2.359894459102902,-0.0,-4.07598944591029,1.0,-3.11820580474934,0.0
2018-12-13,-0.0,-2.486911582968206,-0.0,-4.431412200876306,1.0,-3.3163689473092908,0.0
2018-12-14,-0.0,-2.434041586183388,-0.0,-4.5610726053857515,1.0,-3.367230996477673,0.0
2018-12-17,-0.0,-2.375599420095907,-0.0,-4.38998550239768,1.0,-3.3864168618266977,0.0
2018-12-18,-0.0,-2.2837332159366057,-0.0,-4.334580673563725,1.0,-3.3875192604006163,0.0
2018-12-19,-0.0,-2.2841734536649794,-0.0,-4.333810257539072,1.0,-3.3879594981289896,0.0
2018-12-20,-0.0,-2.201655953807604,-0.0,-4.353306460398737,1.0,-3.3394705305588848,0.0
2018-12-21,-0.0,-2.2027610008628127,-0.0,-4.3714408973252805,1.0,-3.211065573770492,0.0
2018-12-24,-0.0,-2.045303408146301,-0.0,-4.184123025768911,1.0,-3.1612635078969245,0.0
2018-12-26,-0.0,-2.118476151567766,-0.0,-4.026146461035645,1.0,-3.0688387294454094,0.0
2018-12-27,-0.0,-1.9295694325634445,-0.0,-3.475049900199601,1.0,-3.1001805911985554,0.0
2018-12-28,-0.0,-1.9436432637571157,-0.0,-3.4623339658444023,1.0,-3.0817836812144215,0.0
2018-12-31,-0.0,-1.9856239217941345,-0.0,-3.4914701935978534,1.0,-3.107053862373011,0.0
2019-01-02,-0.0,-1.9853251486667944,-0.0,-3.483119125263763,1.0,-3.122961826203721,0.0
2019-01-03,-0.0,-1.9800019136924696,-0.0,-3.507415558319778,1.0,-3.0810448760884124,0.0
2019-01-04,-0.0,-2.001703093954016,-0.0,-3.3623805468823917,1.0,-3.0975494370328316,0.0
2019-01-07,-0.0,-1.848661978262855,-0.0,-3.3173805827016163,1.0,-2.9673029500410997,0.0
2019-01-08,-0.0,-1.7810936220544082,-0.0,-3.3662087162223635,1.0,-2.9510508597943774,0.0
2019-01-09,-0.0,-1.7286997550131566,-0.0,-3.3616731694038653,1.0,-2.9832138644406134,0.0
2019-01-10,-0.0,-1.7156063077759653,-0.0,-3.3724850462207723,1.0,-2.974714518760196,0.0
2019-01-11,-0.0,-1.7105072463768116,-0.0,-3.3718297101449277,1.0,-2.9757246376811595,0.0
2019-01-14,-0.0,-1.7157475323734492,-0.0,-3.380693652087295,1.0,-2.9590690935434214,0.0
2019-01-15,-0.0,-1.696969696969697,-0.0,-3.383446404341927,1.0,-2.965264586160109,0.0
2019-01-16,-0.0,-1.686805743700894,-0.0,-3.335681387157952,1.0,-3.0084891176736206,0.0
2019-01-17,-0.0,-1.674219173135945,-0.0,-3.3408557501354035,1.0,-3.0118252392128544,0.0
2019-01-18,-0.0,-1.6641138841337058,-0.0,-3.33930984773403,1.0,-3.006396972700243,0.0
2019-01-22,-0.0,-1.7206602575730092,-0.0,-3.3690368220569566,1.0,-2.979684382368946,0.0
2019-01-23,-0.0,-1.689704953532437,-0.0,-3.385364973382658,1.0,-2.947757827303077,0.0
2019-01-24,-0.0,-1.6903365514752324,-0.0,-3.384823603717405,1.0,-2.9476675990255345,0.0
2019-01-25,-0.0,-1.6831379621280433,-0.0,-3.407303877366997,1.0,-2.926690712353472,0.0
2019-01-28,-0.0,-1.6535971223021582,-0.0,-3.4220323741007195,1.0,-2.917176258992806,0.0
2019-01-29,-0.0,-1.6522286125089862,-0.0,-3.4074406901509704,1.0,-2.92667145938174,0.0
2019-01-30,-0.0,-1.6515995686556435,-0.0,-3.4063623292595255,1.0,-2.9283788641265276,0.0
2019-01-31,-0.0,-1.6502551248769135,-0.0,-3.3240533524304,1.0,-2.9773520723301403,0.0
2019-02-01,-0.0,-1.6562528054582994,-0.0,-3.3358470239698357,1.0,-2.985276954843343,0.0
2019-02-04,-0.0,-1.6872783486405383,-0.0,-3.3998363189960896,1.0,-3.006274438483223,0.0
2019-02-05,-0.0,-1.6658202593633806,-0.0,-3.3875940872404096,1.0,-3.0151446449623647,0.0
2019-02-06,-0.0,-1.668328950947502,-0.0,-3.380360866805694,1.0,-3.01831535043975,0.0
2019-02-07,-0.0,-1.6692356514643214,-0.0,-3.380723547012422,1.0,-3.017045969716203,0.0
2019-02-08,-0.0,-1.6863418602549036,-0.0,-3.393112175720871,1.0,-2.959685437946307,0.0
2019-02-11,-0.0,-1.6533647741701432,-0.0,-3.4151097406130964,1.0,-3.001088336658807,0.0
2019-02-12,-0.0,-1.677463379128378,-0.0,-3.4305340733327268,1.0,-2.990355745610045,0.0
2019-02-13,-0.0,-1.7263808139534882,-0.0,-3.4046148255813953,1.0,-2.9533066860465116,0.0
2019-02-14,-0.0,-1.6578300081989614,-0.0,-3.468160699644711,1.0,-2.983966475357566,0.0
2019-02-15,-0.0,-1.7157971543232398,-0.0,-3.443086464793871,1.0,-2.961875228018971,0.0
2019-02-19,-0.0,-1.6658163265306123,-0.0,-3.485058309037901,1.0,-2.9599125364431487,0.0
2019-02-20,-0.0,-1.6888443310244259,-0.0,-3.4753919066715273,1.0,-2.9498724024790377,0.0
2019-02-21,-0.0,-1.7042355935284492,-0.0,-3.4613706598800213,1.0,-2.923559352844937,0.0
2019-02-22,-0.0,-1.7100623813398428,-0.0,-3.434137962209565,1.0,-2.8965735466955973,0.0
2019-02-25,-0.0,-1.697005444646098,-0.0,-3.4600725952813063,1.0,-2.9174228675136114,0.0
2019-02-26,-0.0,-1.6722402013664148,-0.0,-3.436893203883495,1.0,-2.8804386911183024,0.0
2019-02-27,-0.0,-1.6651978417266189,-0.0,-3.456205035971223,1.0,-2.8714028776978417,0.0
2019-02-28,-0.0,-1.6692480864475463,-0.0,-3.4588923908149485,1.0,-2.8768122467357045,0.0
2019-03-01,-0.0,-1.67551994237868,-0.0,-3.463491491851985,1.0,-2.86431979832538,0.0
2019-03-04,-0.0,-1.6404444836405327,-0.0,-3.3450039686039332,1.0,-2.83367139959432,0.0
2019-03-05,-0.0,-1.5580972186119055,-0.0,-3.3302140195823586,1.0,-2.77644918118014,0.0
2019-03-06,-0.0,-1.5529370992895513,-0.0,-3.3386761393172764,1.0,-2.772396465084041,0.0
2019-03-07,-0.0,-1.4894182160911664,-0.0,-3.362265444263559,1.0,-2.7166481021334934,0.0
2019-03-08,-0.0,-1.4718181026221795,-0.0,-3.479222928826553,1.0,-2.7606063245927346,0.0
2019-03-11,-0.0,-1.468338887914401,-0.0,-3.4580775302578495,1.0,-2.843974741273461,0.0
2019-03-12,-0.0,-1.35843158270811,-0.0,-3.5559128260092887,1.0,-3.01750625223294,0.0
2019-03-13,-0.0,-1.420943071771201,-0.0,-3.591275228527468,1.0,-3.0383745135306364,0.0
2019-03-14,-0.0,-1.4252125158256466,-0.0,-3.5858202206547296,1.0,-3.0321938867788027,0.0
2019-03-15,-0.0,-1.4024345930232558,-0.0,-3.6061046511627906,1.0,-3.075763081395349,0.0
2019-03-18,-0.0,-1.473224144276776,-0.0,-3.623665807876334,1.0,-3.104435038645565,0.0
2019-03-19,-0.0,-1.4854099119962945,-0.0,-3.632792959703566,1.0,-3.1453450671607226,0.0
2019-03-20,-0.0,-2.2628219740141327,-0.0,-4.2208798723501255,1.0,-3.913608388420333,0.0
2019-03-21,-0.0,-2.2641466469315725,-0.0,-4.2427416600250485,1.0,-3.8788568826141407,0.0
2019-03-22,-0.0,-2.2771764163979733,-0.0,-4.345578074619991,1.0,-3.8926761860893597,0.0
2019-03-25,-0.0,-1.9805054969964864,-0.09441233140655106,-4.3853564547206165,1.0,-3.8737390910121268,0.0
2019-03-26,-0.0,-2.0277521879318288,-0.13910640257945647,-4.412943344081069,1.0,-3.9356287425149703,0.0
2019-03-27,-0.0,-1.9880377271681617,-0.15148378191856451,-4.428341384863124,1.0,-3.9342074994248906,0.0
2019-03-28,-0.0,-1.9675712971481143,-0.19284728610855567,-4.395699172033119,1.0,-3.943422263109476,0.0
2019-03-29,-0.0,-1.9512363427257045,-0.2127659574468085,-4.388844163312249,1.0,-3.9480161012075903,0.0
2019-04-01,-0.0,-1.9786866359447006,-0.20645161290322578,-4.391589861751152,1.0,-3.9441244239631335,0.0
2019-04-02,-0.0,-1.9832261029411762,-0.3375459558823529,-4.347311580882352,1.0,-3.8208869485294112,0.0
2019-04-03,-0.0,-1.9892770667589068,-0.3359852415542488,-4.379222875590914,1.0,-3.825550559206733,0.0
2019-04-04,-0.0,-1.9894931301235421,-0.32536658584459066,-4.388754185428934,1.0,-3.842396951853134,0.0
2019-04-05,-0.0,-1.9131221719457012,-0.3323529411764706,-4.295927601809955,1.0,-3.770814479638009,0.0
2019-04-08,-0.0,-1.8953317508760033,-0.3376285746580762,-4.299988696733356,1.0,-3.7703176217926986,0.0
2019-04-09,-0.03081611920081273,-1.8394852692177446,-0.3837904955412575,-4.312224856078564,1.0,-3.721526131617564,0.0
2019-04-10,-0.03673514962036623,-1.7578159892809289,-0.42105850826261726,-4.270768200089326,1.0,-3.6792094685127292,0.0
2019-04-11,-0.07053571428571428,-1.7169642857142857,-0.4504464285714286,-4.2725446428571425,1.0,-3.650334821428572,0.0
2019-04-12,-0.0657303370786517,-1.7275280898876406,-0.4417977528089888,-4.3131460674157305,1.0,-3.6876404494382022,0.0
2019-04-15,-0.046459682823319186,-1.7210185392003574,-0.43488943488943493,-4.289814607996426,1.0,-3.675899039535403,0.0
2019-04-16,-0.05147387226440375,-1.7229790084859313,-0.44004019651630194,-4.282045556051809,1.0,-3.6690486824475212,0.0
2019-04-17,-0.0476463177184744,-1.7333638758446914,-0.523307753980071,-4.4251517581033095,1.0,-3.7239720536021075,0.0
2019-04-18,-0.061261880224436044,-1.7318218252605062,-0.5064697125844497,-4.411427917096072,1.0,-3.739951906561319,0.0
2019-04-22,-0.09753605086862724,-1.7178380833427958,-0.47575791983649374,-4.360622232315204,1.0,-3.7028500056773024,0.0
2019-04-23,-0.10210107893242475,-1.72572402044293,-0.48290743895513916,-4.3591141396933555,1.0,-3.687336740488359,0.0
2019-04-24,-0.086478522044656,-1.687747931542559,-0.5013034115380256,-4.354527938342967,1.0,-3.703955570667573,0.0
2019-04-25,-0.07536034502326638,-1.6782431052093976,-0.5350130518669846,-4.362501418681195,1.0,-3.6983316309159004,0.0
2019-04-26,-0.09141494435612083,-1.64580967522144,-0.5539404951169656,-4.375766522825346,1.0,-3.688848512377924,0.0
2019-04-29,-0.08962853572645689,-1.6301260933772577,-0.5425423151198455,-4.385550380552085,1.0,-3.7119163921390435,0.0
2019-04-30,-0.09338477249517757,-1.6279360036309996,-0.548280948598661,-4.3780778395552025,1.0,-3.699194371950528,0.0
2019-05-01,-0.12543949189066578,-1.6141544743109901,-0.5547238289667688,-4.367698763751843,1.0,-3.6797096518090053,0.0
2019-05-02,-0.11778080945884493,-1.6235788994997726,-0.5426330150068214,-4.363574351978172,1.0,-3.721236925875398,0.0
2019-05-03,-0.11007186038553668,-1.6453747005817267,-0.5436295197901221,-4.375613094559142,1.0,-3.7317212273297593,0.0
2019-05-06,-0.09899537193814201,-1.5844903487978326,-0.5532227113669714,-4.349813748730105,1.0,-3.701320690822892,0.0
2019-05-07,-0.09479048697621745,-1.5998867497168743,-0.5680634201585504,-4.3533408833522085,1.0,-3.708946772366931,0.0
2019-05-08,-0.06618721204629734,-1.5615237667153612,-0.599280818069446,-4.316440049443758,1.0,-3.693785818631307,0.0
2019-05-09,-0.09084960191951141,-1.5063801941324027,-0.5863234812956702,-4.176136983313339,1.0,-3.5466244955829427,0.0
2019-05-10,-0.09291559000861327,-1.4805124892334194,-0.5873169681309216,-4.120801033591731,1.0,-3.4850344530577084,0.0
2019-05-13,-0.09069366652305041,-1.4794269711331323,-0.5697975010771219,-4.133132270573029,1.0,-3.4981688927186556,0.0
2019-05-14,-0.0,-1.2891949152542372,-0.7879237288135593,-4.083050847457628,1.0,-3.433156779661017,0.0
2019-05-15,-0.0,-1.2821264127249894,-0.8077647551276683,-4.038405190456257,1.0,-3.3362285475094176,0.0
2019-05-16,-0.0,-1.2996059218234104,-0.8233038662264351,-4.129300244967515,1.0,-3.3985514964319945,0.0
2019-05-17,-0.0,-1.3026598026598026,-0.8393393393393392,-4.131703131703132,1.0,-3.451308451308451,0.0
2019-05-20,-0.0,-1.2699774750616755,-0.866137509385391,-4.134291537058887,1.0,-3.455647323822804,0.0
2019-05-21,-0.0,-1.3066637197480384,-0.9165653663388219,-4.255055807271521,1.0,-3.572659962426788,0.0
2019-05-22,-0.0,-1.2801188249532403,-0.9200132027725823,-4.244031246561779,1.0,-3.558257234019144,0.0
2019-05-23,-0.0,-1.2779605263157894,-0.9391447368421053,-4.223245614035088,1.0,-3.524561403508772,0.0
2019-05-24,-0.0,-1.2172593235039029,-0.9398308759757156,-4.190481352992194,1.0,-3.493603642671292,0.0
2019-05-28,-0.0,-1.203360433604336,-0.9420054200542006,-4.195338753387533,1.0,-3.499620596205962,0.0
2019-05-29,-0.0,-1.216639654240951,-0.9442463533225284,-4.189411129119396,1.0,-3.4546731496488388,0.0
2019-05-30,-0.0,-1.2091566785444336,-0.9375877335061009,-4.188532555879495,1.0,-3.462693013713422,0.0
2019-05-31,-0.0,-1.2173631357304828,-0.9361839974084872,-4.185509124284635,1.0,-3.4589137242198467,0.0
2019-06-03,-0.0,-1.2112207680755203,-0.9893799613816778,-4.165844239433598,1.0,-3.3608667667882433,0.0
2019-06-04,-0.0,-1.2043552885646858,-0.9984981763570049,-4.175713366230423,1.0,-3.3486376314095687,0.0
2019-06-05,-0.0,-1.1680332232989032,-1.067298477265467,-4.209136407198382,1.0,-3.2041316153764243,0.0
2019-06-06,-0.0,-1.1727117559206315,-1.0738212075954767,-4.219223383827607,1.0,-3.2020482184766372,0.0
2019-06-07,-0.0,-1.2553214478660186,-1.0847109670448407,-4.235548352242032,1.0,-3.2294975688816856,0.0
2019-06-10,-0.3485436893203883,-1.6259708737864076,-1.4782766990291263,-4.23495145631068,1.0,-3.4483009708737864,0.0
2019-06-11,-0.3568122106843488,-1.6750907043663206,-1.6241711497560365,-4.33591892906293,1.0,-3.5188289753534345,0.0
2019-06-12,-0.37275167785234903,-1.7926174496644296,-1.7148993288590606,-4.692080536912751,1.0,-3.850604026845638,0.0
2019-06-13,-0.405435696273466,-1.8865228355281591,-1.7824320537965819,-4.88778369291118,1.0,-4.0474922947604375,0.0
2019-06-14,-0.41977928692699484,-1.8641765704584037,-1.8471986417657045,-4.961658177702319,1.0,-4.055319750990379,0.0
2019-06-17,-0.4036867676478994,-1.8928265218633895,-1.86024578450986,-5.0217204915690195,1.0,-4.1111746213203775,0.0
2019-06-18,-0.40674574817779047,-1.8986708589395453,-1.861512076604259,-5.01614977847649,1.0,-4.108617979133914,0.0
2019-06-19,-0.4139455297305005,-1.8639669185797805,-1.9004705546841583,-5.01040923998289,1.0,-4.070440610295166,0.0
2019-06-20,-0.42455389007851535,-1.8840827980014274,-1.8785153461812991,-5.011134903640257,1.0,-4.077373304782298,0.0
2019-06-21,-0.4328690807799443,-1.84066852367688,-1.82116991643454,-4.872841225626741,1.0,-3.9600278551532035,0.0
2019-06-24,-0.42062604807154835,-1.8216880939072109,-1.841671324762437,-4.878703186137507,1.0,-4.011598658468418,0.0
2019-06-25,-0.40699478211817797,-1.7831053448032717,-1.87984769426033,-4.9651671132421376,1.0,-4.067268368354251,0.0
2019-06-26,-0.3655474040632054,-1.779204288939052,-1.8644187358916477,-4.975028216704289,1.0,-4.124012415349887,0.0
2019-06-27,-0.3854416961130742,-1.7502473498233218,-1.887349823321555,-4.976537102473499,1.0,-4.13469964664311,0.0
2019-06-28,-0.40045184975995485,-1.6862468229313754,-1.90369951990963,-4.998729172550127,1.0,-4.131036430386897,0.0
2019-07-01,-0.4403553299492386,-1.6531302876480543,-1.905386350817823,-5.003807106598985,1.0,-4.097856739988719,0.0
2019-07-02,-0.41761804087385485,-1.6754052149400986,-1.898520084566596,-4.999013389711064,1.0,-4.103875968992248,0.0
2019-07-03,-0.41288412743163233,-1.6802932055257964,-1.8975190301663378,-4.9980265012686775,1.0,-4.107696645052156,0.0
2019-07-05,-0.4141428370192985,-1.6634737286941823,-1.8936469925341597,-4.997887026341738,1.0,-4.1174813353993525,0.0
2019-07-08,-0.41270959560377624,-1.666901507679301,-1.8907989291249823,-4.998450049316612,1.0,-4.121600676342116,0.0
2019-07-09,-0.40723536036036034,-1.6500563063063063,-1.893440315315315,-4.9983108108108105,1.0,-4.127674549549549,0.0
2019-07-10,-0.4068703364775447,-1.642545403350697,-1.8917358862452485,-5.005209066591581,1.0,-4.132197662959313,0.0
2019-07-11,-0.42148526077097503,-1.6411564625850341,-1.9240362811791383,-5.037981859410431,1.0,-4.147675736961451,0.0
2019-07-12,-0.46762387387387383,-1.6119087837837835,-1.9111768018018016,-4.992961711711711,1.0,-4.092905405405405,0.0
2019-07-15,-0.4771030012681414,-1.6653515569959136,-1.9589967591940254,-4.96829646329435,1.0,-4.020572072706777,0.0
2019-07-16,-0.4983026874115983,-1.67991513437058,-1.9997171145686,-4.974823196605374,1.0,-3.9915134370579914,0.0
2019-07-17,-0.5005662514156286,-1.7052661381653456,-1.9899490373725937,-4.972678369195924,1.0,-3.987825594563987,0.0
2019-07-18,-0.5027554048325562,-1.7012858555885262,-1.9943478875229614,-4.964109085770807,1.0,-3.967924261692808,0.0
2019-07-19,-0.5290459363957597,-1.702332155477032,-1.9973144876325089,-4.950106007067138,1.0,-3.95547703180212,0.0
2019-07-22,-0.5216223855285471,-1.6830130016958733,-1.98063877897117,-4.95463538722442,1.0,-3.9922272470322215,0.0
2019-07-23,-0.5192280602901816,-1.688970277503874,-1.9745034511903083,-4.932666572756726,1.0,-3.97112269333709,0.0
2019-07-24,-0.5203938115330521,-1.6828410689170183,-1.9976090014064698,-4.919690576652602,1.0,-3.944303797468355,0.0
2019-07-25,-0.5251294974100519,-1.631807363852723,-2.010219795604088,-4.923841523169537,1.0,-3.908581828363433,0.0
2019-07-26,-0.519826864004468,-1.608209997207484,-2.0187098575816806,-4.918318905333706,1.0,-3.8973750349064504,0.0
2019-07-29,-0.5175021002520303,-1.5802296275553067,-2.0299635956314757,-4.93293195183422,1.0,-3.9410529263511624,0.0
2019-07-30,-0.5196971821113135,-1.5819430814524043,-2.037852236085798,-4.931305201177625,1.0,-3.948548997616711,0.0
2019-07-31,-0.5075271814887092,-1.602732088095902,-2.023696682464455,-4.887092277669362,1.0,-3.918037357122944,0.0
2019-08-01,-0.5011104941699056,-1.6468628539700165,-2.010549694614103,-4.849389228206551,1.0,-3.873264852859522,0.0
2019-08-02,-0.48648648648648646,-1.6127512127512127,-2.0507276507276506,-4.84005544005544,1.0,-3.86999306999307,0.0
2019-08-05,-0.47108467072495847,-1.6050083010514666,-2.0327891532927507,-4.850996126175983,1.0,-3.8750691754288877,0.0
2019-08-06,-0.39141281512605036,-1.5166754201680672,-1.9262079831932772,-4.591386554621848,1.0,-3.7045693277310923,0.0
2019-08-07,-0.3605138961719979,-1.5626638699528055,-1.8822758259045622,-4.5751179863660205,1.0,-3.7290246460409016,0.0
2019-08-08,-0.3586785527005768,-1.563188253801783,-1.8822758259045622,-4.575773466177242,1.0,-3.7295490298898795,0.0
2019-08-09,-0.3127287515250102,-1.5736749356106818,-1.941304053138132,-4.754778365189101,1.0,-3.973159821065474,0.0
2019-08-12,-0.304534144318496,-1.568841581421067,-2.0534973735139617,-4.893972905722975,1.0,-4.002764722145424,0.0
2019-08-13,-0.2995049504950495,-1.5226897689768975,-2.042079207920792,-4.886138613861386,1.0,-4.001100110011,0.0
2019-08-14,-0.24391938846421124,-1.5877692842251563,-2.076997915218902,-4.935371785962475,1.0,-4.054482279360667,0.0
2019-08-15,-0.22861732030518006,-1.5710078972025165,-2.0445723464061034,-4.759603801365279,1.0,-3.7812876455628426,0.0
2019-08-16,-0.23286020353508302,-1.570969469737547,-2.0474022495982864,-4.758569898232459,1.0,-3.7806641671130152,0.0
2019-08-19,-0.25439531166755464,-1.4942727757059138,-2.0614011720831114,-4.765849760255728,1.0,-3.743207245604689,0.0
2019-08-20,-0.238107892638852,-1.499468509168217,-2.07666755248472,-4.759500398618124,1.0,-3.713526441668882,0.0
2019-08-21,-0.4013872135102533,-1.7990048250904704,-2.4509951749095293,-5.289203860072376,1.0,-4.137665862484921,0.0
2019-08-22,-0.3952682338758288,-1.8080168776371308,-2.4364074743821575,-5.295057263411694,1.0,-4.134418324291742,0.0
2019-08-23,-0.3970743477605188,-1.8066656612878904,-2.4403559040868648,-5.298748303423316,1.0,-4.137837430251848,0.0
2019-08-26,-0.38360413589364845,-1.6995568685376663,-2.4149187592319055,-5.239438700147711,1.0,-4.033530280649926,0.0
2019-08-27,-0.38658777120315585,-1.751175845850402,-2.4600212410863302,-5.378243058716432,1.0,-4.196176604460628,0.0
2019-08-28,-0.3929181549930113,-1.7049231247088057,-2.5826991768908214,-5.568877154837708,1.0,-4.280788942382357,0.0
2019-08-29,-0.4273107292150488,-1.646230066573773,-2.593745161789751,-5.562935438922435,1.0,-4.252051401145688,0.0
2019-08-30,-0.4275138803207897,-1.6005552128315854,-2.6113510178901915,-5.566471314003701,1.0,-4.216687230104873,0.0
2019-09-03,-0.43843427338572966,-1.6064108491292957,-2.6047156726768375,-5.57312374788103,1.0,-4.188010479272615,0.0
2019-09-04,-0.4218629715165512,-1.558429561200924,-2.6364896073903004,-5.575365665896844,1.0,-4.204311008468053,0.0
2019-09-05,-0.4289881774911715,-1.5849838783970522,-2.62229387379088,-5.57392906494703,1.0,-4.143866113925995,0.0
2019-09-06,-0.4182264498312366,-1.5518563976679964,-2.680270021478981,-5.613224915618288,1.0,-4.078551702976373,0.0
2019-09-09,-0.40741880868092967,-1.5457903647837463,-2.687548099122672,-5.64537478836386,1.0,-4.10558719408958,0.0
2019-09-10,-0.42953846153846154,-1.5209230769230768,-2.726153846153846,-5.646461538461539,1.0,-4.061538461538461,0.0
2019-09-11,-0.4409412488465088,-1.5021531836358046,-2.7517686865579822,-5.64595509074131,1.0,-4.038911104275608,0.0
2019-09-12,-0.45491556091676716,-1.4439083232810614,-2.714716525934861,-5.519601930036187,1.0,-3.9452653799758743,0.0
2019-09-13,-0.44247385175079584,-1.435046233136274,-2.7424586933454598,-5.575261482492042,1.0,-3.963013490980749,0.0
2019-09-16,-0.445,-1.4372727272727273,-2.7374242424242423,-5.570454545454544,1.0,-3.961515151515152,0.0
2019-09-17,-0.4440242057488653,-1.4099848714069592,-2.7396369137670193,-5.571406959152798,1.0,-3.963540090771558,0.0
2019-09-18,-0.44138556950536983,-1.4330661019512934,-2.7333232491302373,-5.562244743609136,1.0,-3.9562849795794888,0.0
2019-09-19,-0.43511796733212343,-1.4435874168179068,-2.736690865093769,-5.549153055051422,1.0,-3.9594676346037505,0.0
2019-09-20,-0.48086850895839656,-1.4769207409656846,-2.776040085028849,-5.518827816580625,1.0,-3.9309140601275434,0.0
2019-09-23,-0.46579507449072666,-1.489358467619337,-2.798570994223168,-5.508057160231073,1.0,-3.940255396777135,0.0
2019-09-24,-0.4721969006381039,-1.489364934670313,-2.810543907626861,-5.493618960802188,1.0,-3.9272257672439985,0.0
2019-09-25,-0.454214675560946,-1.451182534869618,-2.823681018799272,-5.510006064281382,1.0,-3.9214675560946026,0.0
2019-09-26,-0.586287677651101,-1.3721692956426674,-3.2034983601436826,-5.5983132906450095,1.0,-3.8572544119943775,0.0
2019-09-27,-0.5321479599936497,-1.3619622162247975,-3.266709001428798,-5.734719796793141,1.0,-3.9799968248928397,0.0
2019-09-30,-0.6057007125890737,-1.1836896278701505,-3.36104513064133,-5.707521773555028,1.0,-3.97735550277118,0.0
2019-10-01,-0.6054346098839981,-1.1633561099634515,-3.3974257111075796,-5.7287462259653585,1.0,-3.995709518512633,0.0
2019-10-02,-0.672528150547586,-1.1844824926731452,-3.415856856393645,-5.466604966836341,1.0,-3.6853308653401204,0.0
2019-10-03,-0.6379231122683412,-1.3126052994332975,-3.3778526573747896,-5.415990197580027,1.0,-3.571909940266503,0.0
2019-10-04,-0.6546012269938651,-1.3487730061349694,-3.416104294478528,-5.3722392638036816,1.0,-3.5457055214723927,0.0
2019-10-07,-0.6269927255842749,-1.4182015167930662,-3.4421916112056956,-5.400866738894908,1.0,-3.5892276737347157,0.0
2019-10-08,-0.6235929067077871,-1.4249807247494217,-3.399074787972243,-5.390439475713184,1.0,-3.5821125674633767,0.0
2019-10-09,-0.6190110565110565,-1.4373464373464375,-3.3769963144963144,-5.389127764127764,1.0,-3.5337837837837838,0.0
2019-10-10,-0.6882297254654465,-1.5317134742821077,-3.5634269485642154,-5.353423792994635,1.0,-3.641053960239823,0.0
2019-10-11,-0.7336441086642019,-1.5846326957080854,-3.7767239993570163,-5.31875904195467,1.0,-3.6608262337244817,0.0
2019-10-14,-0.8132151490733279,-1.4775181305398872,-3.8734891216760676,-5.363255439161966,1.0,-3.5883964544722,0.0
2019-10-15,-0.8567733591981894,-1.4801163918525704,-3.9204655674102815,-5.3617846750727445,1.0,-3.546233430326544,0.0
2019-10-16,-0.8141306109220547,-1.5461027386161075,-3.9760168530222004,-5.3513206935666835,1.0,-3.517258142926592,0.0
2019-10-17,-0.8982356647763076,-1.371140516698173,-3.959672337744171,-5.137996219281664,1.0,-3.386105860113422,0.0
2019-10-18,-0.8551320575676103,-1.4613316463703938,-4.025304444092995,-5.076229637830144,1.0,-3.3971216194844223,0.0
2019-10-21,-0.8619379354021534,-1.3989867004433185,-4.029924002533249,-5.079164027865738,1.0,-3.462951234958835,0.0
2019-10-22,-0.8486435030937649,-1.3672854196414406,-4.061557988259559,-5.10280818657782,1.0,-3.4851657940663174,0.0
2019-10-23,-0.8409451316206786,-1.3725023786869648,-4.026006977481763,-5.108468125594671,1.0,-3.5098319061211543,0.0
2019-10-24,-0.935967983991996,-1.4268801067200265,-4.297815574453894,-5.346840086710022,1.0,-3.6676671669167917,0.0
2019-10-25,-0.9273789649415692,-1.439565943238731,-4.275959933222037,-5.361769616026711,1.0,-3.6896494156928217,0.0
2019-10-28,-0.9417183051415173,-1.528052252554011,-4.3225590353374646,-5.337296935186735,1.0,-3.6181544129961485,0.0
2019-10-29,-1.02692633361558,-1.5183742591024556,-4.481117696867062,-5.300762066045724,1.0,-3.60762066045724,0.0
2019-10-30,-1.0242249703540574,-1.5221074030154158,-4.482974758597323,-5.301710994409623,1.0,-3.609520582754532,0.0
2019-10-31,-1.0224184782608694,-1.5152853260869563,-4.501188858695651,-5.2892323369565215,1.0,-3.6555706521739126,0.0
2019-11-01,-1.031934771530491,-1.545269237302531,-4.528452522507219,-5.274673008323425,1.0,-3.605911330049261,0.0
2019-11-04,-1.0668556185395133,-1.470656885628543,-4.5191730576858955,-5.139379793264421,1.0,-3.476158719573191,0.0
2019-11-05,-1.2548447950608814,-1.5283827816841022,-4.853541416566626,-5.130166352255188,1.0,-3.3827816841022122,0.0
2019-11-06,-1.298935594443442,-1.6175356305249866,-5.088399783510734,-5.393649648204943,1.0,-3.642251488363702,0.0
2019-11-07,-1.3127824986440064,-1.6412945217862955,-5.091122762610739,-5.389079732417285,1.0,-3.6458145000903994,0.0
2019-11-08,-1.3156570195937445,-1.593564623404638,-5.072083408232968,-5.361675355024267,1.0,-3.632931871292468,0.0
2019-11-11,-1.3491630276564772,-1.5651382823871907,-5.202510917030568,-5.398107714701601,1.0,-3.6799490538573507,0.0
2019-11-12,-1.3484308131241085,-1.4787803138373754,-5.098787446504994,-5.292617689015692,1.0,-3.613052781740371,0.0
2019-11-13,-1.478630930822166,-1.4918507787033684,-5.369069177834119,-5.223831944947483,1.0,-3.5459978268743213,0.0
2019-11-14,-1.4431426602343211,-1.4209166092350103,-5.082356995175741,-4.906960716747071,1.0,-3.376119917298415,0.0
2019-11-15,-1.4512448132780082,-1.420470262793914,-5.122233748271092,-4.910096818810511,1.0,-3.3848547717842323,0.0
2019-11-18,-1.5260680666183926,-1.5018102824040551,-5.397538015930485,-5.151158580738596,1.0,-3.5264301230992037,0.0
2019-11-19,-1.6244243875483515,-1.7692024313869958,-5.316264505433781,-5.120648369865537,1.0,-3.589242954503592,0.0
2019-11-20,-1.6236182756079587,-1.7698968312453942,-5.31171702284451,-5.122328666175387,1.0,-3.595431098010317,0.0
2019-11-21,-1.791839037232042,-1.706656637833772,-5.496991350131628,-5.117149304249717,1.0,-3.6914253478751413,0.0
2019-11-22,-1.8010127531882971,-1.6843585896474118,-5.480682670667667,-5.110840210052513,1.0,-3.678169542385596,0.0
2019-11-25,-1.8044817927170866,-1.677124183006536,-5.457889822595704,-5.084593837535015,1.0,-3.650233426704015,0.0
2019-11-26,-1.7279686665479792,-1.5736158091507921,-5.206337902795086,-4.8223250845647145,1.0,-3.472850275948015,0.0
2019-11-27,-1.7188164422395464,-1.6165839829907869,-5.145109851169384,-4.77586817859674,1.0,-3.4615520907158044,0.0
2019-11-29,-1.8143452273138923,-1.6250679224778117,-5.332186198152508,-4.9001992392682485,1.0,-3.4412244158666905,0.0
2019-12-02,-1.8844811753902664,-1.6712580348943986,-5.483195592286501,-4.907070707070707,1.0,-3.419283746556474,0.0
2019-12-03,-1.8484349258649095,-1.6534870950027456,-5.451217279882848,-4.910854841662091,1.0,-3.4409665019220212,0.0
2019-12-04,-1.8853878754376265,-1.732448866777225,-5.4617652478349,-4.907315275474479,1.0,-3.439469320066335,0.0
2019-12-05,-1.9255041075429424,-1.7150858849887975,-5.566094100074682,-4.912434652725914,1.0,-3.5513442867811795,0.0
2019-12-06,-2.1558107305484064,-1.9305088101366066,-5.868540882993467,-5.185111859037815,1.0,-3.6580875074242725,0.0
2019-12-09,-2.1891781102684975,-1.837056773929084,-6.197376511580242,-5.435130149620824,1.0,-3.837466693994671,0.0
2019-12-10,-2.6801781737193764,-1.9,-7.0129175946547875,-5.896436525612471,1.0,-3.7821826280623605,0.0
2019-12-11,-2.697570759973256,-1.8722977490528192,-7.030532649877424,-5.894361488745264,1.0,-3.7920659683530196,0.0
2019-12-12,-2.7074905534563234,-1.8679706601466992,-6.997332740609023,-5.8724160924649915,1.0,-3.7819515447877303,0.0
2019-12-13,-2.7115682371156824,-1.8480424684804246,-7.053970360539704,-5.819951338199513,1.0,-3.6854678168546777,0.0
2019-12-16,-2.7144120247568524,-1.8439434129089298,-7.05946065428824,-5.816091954022989,1.0,-3.670645446507516,0.0
2019-12-17,-3.039166855331673,-1.7294543808014489,-7.309712474530223,-5.9467964681910805,1.0,-3.6146705908988,0.0
2019-12-18,-3.378423040604343,-1.8909348441926346,-7.5146364494806415,-6.076487252124646,1.0,-3.746694995278564,0.0
2019-12-19,-3.390889577867875,-1.979728118292392,-7.597424278559504,-6.094681612210827,1.0,-3.7863105175292153,0.0
2019-12-20,-3.408417025346724,-2.0516499282639886,-7.629124820659971,-6.085604973696795,1.0,-3.7372070779531326,0.0
2019-12-23,-3.41248206599713,-2.091822094691535,-7.6138211382113825,-6.081539933046389,1.0,-3.7123385939741746,0.0
2019-12-24,-3.420033468802295,-2.0977767152761175,-7.5981353095864215,-6.08199856562276,1.0,-3.708582357159933,0.0
2019-12-26,-3.418360028687545,-2.0975376524025817,-7.598613435333493,-6.081520439875687,1.0,-3.7102557972746832,0.0
2019-12-27,-3.42006721075372,-2.1490638502160344,-7.650024003840613,-6.077532405184829,1.0,-3.7069131060969758,0.0
2019-12-30,-3.494708994708995,-2.131794131794132,-7.723184223184224,-6.094276094276095,1.0,-3.605820105820106,0.0
2019-12-31,-3.5204807456463083,-2.2008830022075054,-7.907039489820947,-6.227618346823645,1.0,-3.6720627912680897,0.0
2020-01-02,-3.521535810977111,-2.208958897366478,-7.948067930100911,-6.25326113709082,1.0,-3.680531626876692,0.0
2020-01-03,-3.4502334725976898,-2.220201523715901,-7.950110592283117,-6.227082821332023,1.0,-3.7281887441631856,0.0
2020-01-06,-3.5284935579781966,-2.2866699702675914,-7.9858771060455895,-6.23414271555996,1.0,-3.7418235877106043,0.0
2020-01-07,-3.5290886392009986,-2.3016229712858927,-8.06716604244694,-6.2796504369538075,1.0,-3.7912609238451935,0.0
2020-01-08,-3.5261976047904198,-2.2956586826347305,-8.055139720558884,-6.266467065868263,1.0,-3.8066367265469068,0.0
2020-01-09,-3.531141006477329,-2.3136522172396607,-8.024912805181863,-6.245640259093173,1.0,-3.79745889387145,0.0
2020-01-10,-3.5723930982745684,-2.3260815203800953,-8.051762940735184,-6.252563140785196,1.0,-3.8034508627156796,0.0
2020-01-13,-3.5812734082397,-2.3200998751560546,-8.052684144818976,-6.234207240948814,1.0,-3.780524344569288,0.0
2020-01-14,-3.748051294945939,-2.2602464168971586,-8.1765149610259,-6.27181292431481,1.0,-3.687955745536837,0.0
2020-01-15,-3.855751985652063,-2.317960543171919,-8.312836279784781,-6.383038688188572,1.0,-3.751729438893159,0.0
2020-01-16,-3.8105022831050235,-2.2856418061897514,-8.212836123795029,-6.314307458143075,1.0,-3.7445459157787924,0.0
2020-01-17,-3.8504958047292144,-2.2809560132214597,-8.207983727434529,-6.343503686753115,1.0,-3.743198576150521,0.0
2020-01-21,-3.8627002288329524,-2.2908721078057463,-8.189168573607933,-6.345283498601577,1.0,-3.738113399440631,0.0
2020-01-22,-3.8670226290363594,-2.283498601576405,-8.198321891685737,-6.34655479277905,1.0,-3.7304856343757944,0.0
2020-01-23,-3.9187116564417175,-2.2727505112474438,-8.172801635991819,-6.389059304703476,1.0,-3.809049079754601,0.0
2020-01-24,-3.936744664438159,-2.2877346361532527,-8.229107739778863,-6.432759064026742,1.0,-3.827462072512214,0.0
2020-01-27,-3.8732179226069245,-2.221486761710794,-8.19602851323829,-6.356924643584521,1.0,-3.8103360488798366,0.0
2020-01-28,-3.6393917451122375,-2.1486845281197198,-7.815592565773593,-6.004586048756939,1.0,-3.528602461984069,0.0
2020-01-29,-3.5934489402697496,-2.159441233140655,-7.818641618497109,-5.988439306358381,1.0,-3.5245664739884393,0.0
2020-01-30,-3.62512030798845,-2.1431665062560152,-7.801973051010587,-6.003609239653513,1.0,-3.487969201154957,0.0
2020-01-31,-3.562605548854041,-2.2103739445114594,-7.827503015681544,-6.019059107358262,1.0,-3.505910735826297,0.0
2020-02-03,-3.5116389548693587,-2.1190023752969123,-7.739904988123515,-5.932541567695963,1.0,-3.449643705463183,0.0
2020-02-04,-3.5836422041018037,-2.152458611317025,-8.073387694588584,-6.227081788979492,1.0,-3.6730911786508527,0.0
2020-02-05,-3.469563082965145,-2.158566519391262,-8.089101620029455,-6.216249386352478,1.0,-3.6126656848306338,0.0
2020-02-06,-3.503647859922179,-2.1223249027237356,-8.09216926070039,-6.127918287937743,1.0,-3.4730058365758754,0.0
2020-02-07,-3.4919747081712065,-2.140321011673152,-8.086575875486382,-6.125243190661479,1.0,-3.474951361867704,0.0
2020-02-10,-3.4979373938364478,-2.102159669983014,-8.084202863382675,-6.121087114777966,1.0,-3.460810482892502,0.0
2020-02-11,-3.5919715447154474,-2.201219512195122,-8.473831300813009,-6.438516260162602,1.0,-3.7007113821138216,0.0
2020-02-12,-3.6052699560836987,-2.2206148282097646,-8.653319555670368,-6.5696202531645564,1.0,-3.7845517954017045,0.0
2020-02-13,-3.5957117024024803,-2.2479979333505553,-8.673986050116248,-6.5716869026091445,1.0,-3.7434771376905194,0.0
2020-02-14,-3.5968911917098443,-2.276165803108808,-8.711917098445596,-6.555181347150258,1.0,-3.7665803108808285,0.0
2020-02-18,-3.590461378952825,-2.288750648004147,-8.70217729393468,-6.552099533437014,1.0,-3.786677034733022,0.0
2020-02-19,-3.5698672911787668,-2.427010148321624,-8.70752016653656,-6.517304189435338,1.0,-3.799895914650013,0.0
2020-02-20,-3.60981979629146,-2.436667537215983,-8.71585270305563,-6.541133455210239,1.0,-3.8130060067902845,0.0
2020-02-21,-3.579373368146214,-2.4634464751958225,-8.720104438642297,-6.53420365535248,1.0,-3.8125326370757184,0.0
2020-02-24,-3.5164576802507836,-2.5365726227795196,-8.725966562173458,-6.539184952978056,1.0,-3.805120167189133,0.0
2020-02-25,-2.9177518848526383,-2.353666895133653,-7.78615490061686,-5.587845556317111,1.0,-3.2012794151245143,0.0
2020-02-26,-2.8647992942214384,-2.1449051610057346,-7.633436259373622,-5.466254962505515,1.0,-2.9461843846493165,0.0
2020-02-27,-2.91369440774989,-2.1103038309114925,-7.602377807133421,-5.476662263320123,1.0,-2.913474240422721,0.0
2020-02-28,-2.5616721854304636,-2.347475165562914,-7.085471854304636,-4.972889072847682,1.0,-2.7276490066225163,0.0
2020-03-02,-2.631709331131297,-2.2570189925681254,-7.034682080924856,-4.993806771263419,1.0,-2.726672171758877,0.0
2020-03-03,-1.855858969927411,-2.224507431731766,-5.837538886968544,-4.212754925682682,1.0,-2.1524369166954718,0.0
2020-03-04,-1.6339011925042588,-2.387734241908007,-5.9741056218057915,-4.067632027257241,1.0,-1.9722316865417375,0.0
2020-03-05,-1.4966574270340778,-2.7084624164356756,-5.493233327898254,-3.7738464046959073,1.0,-1.833034404043698,0.0
2020-03-06,-1.4671907588641104,-2.9698379592491575,-5.325364992780362,-3.5989090325685864,1.0,-1.6823359537943203,0.0
2020-03-09,-1.4484790571747095,-2.9109730848861286,-5.346074215639433,-3.5798694059563627,1.0,-1.6407071189679885,0.0
2020-03-10,-2.0012158875979464,-1.721561740070251,-4.7685760605241825,-3.102539854093488,1.0,-0.9159686571196973,0.0
2020-03-11,-1.6761031366294523,-2.2208931419457736,-4.887825624667729,-2.86244019138756,1.0,-0.643806485911749,0.0
2020-03-12,-1.7611397012677292,-1.767666624827413,-4.6290950169448974,-2.842600728003012,1.0,-0.5511484875109828,0.0
2020-03-13,-1.9219491614808564,-1.121717118447421,-3.969834405653412,-2.5017403227507646,1.0,-0.03206412825651302,0.0
2020-03-16,-1.470573461699456,-1.1769778149853494,-2.870322310590205,-1.8432817078275427,1.0,-0.010464629552113856,0.0
2020-03-17,-1.218012913427329,-0.7493740940835419,-1.8125576492291475,-1.5178547898273818,1.0,-0.290683884569772,0.0
2020-03-18,-1.2040949826650096,-0.8441813305422908,-1.6513377379472753,-1.53908549748152,1.0,-0.3028063060116439,0.0
2020-03-19,-1.4650675529224766,-0.6361534571201503,-1.837511740481179,-1.7832526551549743,1.0,-0.5029983382703562,0.0
2020-03-20,-1.5051447183359243,-0.521948330742468,-1.9460359760159895,-1.8497298097564587,1.0,-0.5796876156636317,0.0
2020-03-23,-1.5435697115384617,-0.7237830528846155,-1.8115234375000002,-1.881385216346154,1.0,-0.5517578125000001,0.0
2020-03-24,-1.5335820895522387,-0.7376119402985074,-1.7723880597014923,-1.850149253731343,1.0,-0.568955223880597,0.0
2020-03-25,-1.5297460362003648,-0.7259015013329592,-1.476567980917637,-1.8213133155605445,1.0,-0.4620457415462326,0.0
2020-03-26,-1.5508818589025757,-0.7264837625979843,-1.4498880179171332,-1.8133398656215003,1.0,-0.45821668533034715,0.0
2020-03-27,-1.5096882333221588,-0.664968152866242,-1.3503855179349649,-1.7675494468655712,1.0,-0.41213543412671805,0.0
2020-03-30,-1.4867008866075595,-0.6371575228318112,-1.3955736284247717,-1.7734151056596226,1.0,-0.3733084461035931,0.0
2020-03-31,-1.446836613393211,-0.6656980583806631,-1.3605864482895258,-1.7406551314225336,1.0,-0.39037115308413683,0.0
2020-04-01,-1.4628734185599788,-0.7131880506060807,-1.319268728886534,-1.7539908591110815,1.0,-0.3745777306749686,0.0
2020-04-02,-1.5033557046979866,-0.5845442105949046,-1.3016876262461718,-1.783931713038379,1.0,-0.34247735713820293,0.0
2020-04-03,-1.4967477559516067,-0.5975022765708339,-1.3038246390009107,-1.760439703395343,1.0,-0.345973721868089,0.0
2020-04-06,-1.502045853088264,-0.5845294537896993,-1.296486328505553,-1.7644346301227514,1.0,-0.3472104955510814,0.0
2020-04-07,-1.449357520786092,-0.5050390526581002,-1.2578735197782815,-1.771164021164021,1.0,-0.31531872008062484,0.0
2020-04-08,-1.4488253448384456,-0.5051332115638975,-1.2569125149587452,-1.77092649744914,1.0,-0.3166215279964729,0.0
2020-04-09,-1.451118449747648,-0.46414106797931337,-1.268241011901053,-1.7559972583961618,1.0,-0.29142002616985485,0.0
2020-04-13,-1.4822018577395424,-0.38869147808740107,-1.2947447166635497,-1.7661617106165453,1.0,-0.3022878872888224,0.0
2020-04-14,-1.482801595214357,-0.38303838484546354,-1.2992273180458622,-1.7642073778664005,1.0,-0.30203140578265203,0.0
2020-04-15,-1.435412923610681,-0.41218016231955895,-1.2574189951056316,-1.76401709931231,1.0,-0.32637383061768166,0.0
2020-04-16,-1.462226885569683,-0.3652635477101593,-1.2765707937291693,-1.7723120602394766,1.0,-0.2957042340451796,0.0
2020-04-17,-1.4542536115569822,-0.3789974070872947,-1.2645388319545623,-1.771144585751327,1.0,-0.3046055068526978,0.0
2020-04-20,-1.5114792752544055,-0.3162074956564904,-1.3176966989327377,-1.7825142715313975,1.0,-0.27717795979151155,0.0
2020-04-21,-1.5474241088298275,-0.3583574757526137,-1.3535709787126842,-1.7934878448167277,1.0,-0.24524499307217534,0.0
2020-04-22,-2.1411061285500748,-1.3577478824115596,-2.0431489785749877,-2.3949177877428998,1.0,-1.0282012954658695,0.0
2020-04-23,-2.3829621380846326,-1.5965478841870824,-2.2860801781737194,-2.7125835189309577,1.0,-1.1577951002227171,0.0
2020-04-24,-2.3808463251670378,-1.5961024498886416,-2.2885300668151447,-2.7123608017817373,1.0,-1.1579064587973273,0.0
2020-04-27,-2.3972816399286985,-1.6122994652406415,-2.2549019607843137,-2.7098930481283423,1.0,-1.1663324420677361,0.0
2020-04-28,-2.4267395182872433,-1.5673505798394292,-2.269179304192685,-2.7294826048171275,1.0,-1.1581177520071364,0.0
2020-04-29,-2.4137586130251165,-1.5640142253834184,-2.2610580128917537,-2.714492109357635,1.0,-1.160257835074461,0.0
2020-04-30,-2.437159078258934,-1.495936769453412,-2.3060224869197374,-2.7574307024379388,1.0,-1.1355894467327174,0.0
2020-05-01,-2.4515592054156032,-1.4695372322716682,-2.3016313394739765,-2.7588502940850073,1.0,-1.11596937076906,0.0
2020-05-04,-2.423286180631121,-1.4120783460282917,-2.2643090315560395,-2.7180631120783465,1.0,-1.0636561479869424,0.0
2020-05-05,-2.420348204570185,-1.4147986942328619,-2.258215451577802,-2.716539717083787,1.0,-1.0715995647442873,0.0
2020-05-06,-2.4279466433413517,-1.4241198338071288,-2.2604417231576646,-2.734638093155478,1.0,-1.086485895473431,0.0
2020-05-07,-2.4365471097948888,-1.4364374245914224,-2.2630251179115937,-2.740594493802786,1.0,-1.091916200504552,0.0
2020-05-08,-2.4296661193212916,-1.4319649698960044,-2.2631636562671047,-2.734865900383142,1.0,-1.0873563218390805,0.0
2020-05-11,-2.437329551652667,-1.389767644812916,-2.275226355405258,-2.738954947092833,1.0,-1.0673066433947855,0.0
2020-05-12,-2.439641999563414,-1.391399257803973,-2.277013752455796,-2.7408862693734997,1.0,-1.0657061776904608,0.0
2020-05-13,-2.430335861321777,-1.3484290357529796,-2.27421451787649,-2.7346695557963168,1.0,-1.0465872156013003,0.0
2020-05-14,-2.450108459869848,-1.3199566160520606,-2.2965292841648592,-2.752819956616052,1.0,-1.0265726681127982,0.0
2020-05-15,-2.4766579406631766,-1.3408595113438047,-2.3202443280977314,-2.7705061082024436,1.0,-0.9992364746945899,0.0
2020-05-18,-2.4795193883123976,-1.338831239759694,-2.302894593118514,-2.767231021299836,1.0,-1.034407427635172,0.0
2020-05-19,-2.499620678443698,-1.2456919908962827,-2.369025685488241,-2.7591850005418874,1.0,-0.9642353961200822,0.0
2020-05-20,-2.4939044125579892,-1.2201963534361853,-2.367461430575035,-2.749163879598662,1.0,-0.9580321501780128,0.0
2020-05-21,-2.347374910099661,-1.1513407993424434,-2.2452481249357854,-2.595808075619028,1.0,-0.934552553169629,0.0
2020-05-22,-2.324035427058943,-1.1458821134073094,-2.213885778275476,-2.5662221317316507,1.0,-0.9301639010485596,0.0
2020-05-26,-2.243868670886076,-1.1179786392405062,-2.143690664556962,-2.472112341772152,1.0,-0.9115901898734177,0.0
2020-05-27,-2.1927547462223944,-1.0944401394808214,-2.109938008523828,-2.410402944595118,1.0,-0.8787291747384735,0.0
2020-05-28,-2.196201311222522,-1.0778056305437715,-2.110104126494408,-2.402140377940609,1.0,-0.8550906286155032,0.0
2020-05-29,-2.1904487917146147,-1.058784042961258,-2.105197545070963,-2.395281933256617,1.0,-0.8399501342539317,0.0
2020-06-01,-2.1885725242066916,-1.0639440130380595,-2.0979771833956478,-2.3948806442335346,1.0,-0.8414341865592945,0.0
2020-06-02,-2.188800460255058,-1.0629015245948799,-2.094927605714834,-2.395627576948893,1.0,-0.8462939879183048,0.0
2020-06-03,-2.1892980437284235,-1.062523973916379,-2.1005945531261987,-2.394131185270426,1.0,-0.8431146912159571,0.0
2020-06-04,-2.1959316829783155,-1.052964881980426,-2.1184033774707354,-2.3953175973901364,1.0,-0.8324697754749569,0.0
2020-06-05,-2.187781720533231,-1.0513091013714395,-2.110002877145871,-2.3939771746427545,1.0,-0.8473194590965761,0.0
2020-06-08,-2.1826153259626384,-1.0241136103698056,-2.125714830346931,-2.375619519634007,1.0,-0.8231033168128098,0.0
2020-06-09,-2.1929757587325827,-1.0209963733536935,-2.134853979767131,-2.3792708532162625,1.0,-0.8157091047909907,0.0
2020-06-10,-2.1917246639336447,-1.0189722566498236,-2.136905329392697,-2.3782057393459817,1.0,-0.8080846601201259,0.0
2020-06-11,-2.1926964149504196,-1.0214530892448512,-2.140064836003051,-2.3752860411899315,1.0,-0.8052059496567505,0.0
2020-06-12,-2.171282527881041,-0.9078066914498142,-2.1629182156133826,-2.352602230483271,1.0,-0.6990706319702602,0.0
2020-06-15,-2.1801617551361905,-0.893185832481175,-2.1762573208143534,-2.3572557404480805,1.0,-0.689411545970066,0.0
2020-06-16,-2.2005607476635514,-0.877196261682243,-2.186355140186916,-2.3811214953271027,1.0,-0.7005607476635514,0.0
2020-06-17,-2.191136765664277,-0.8651894609440461,-2.181826645563728,-2.3736151196350432,1.0,-0.6983521087422027,0.0
2020-06-18,-2.1918458531136555,-0.8627943777343386,-2.183095969468491,-2.3733593968165314,1.0,-0.697198175556176,0.0
2020-06-19,-2.193238964425405,-0.8657105606258149,-2.1833674799776492,-2.373812628049916,1.0,-0.6965915440491712,0.0
2020-06-22,-2.3741883927679552,-0.9261812006792528,-2.4076515832584158,-2.557686544800719,1.0,-0.7233043651982819,0.0
2020-06-23,-2.4966991512103114,-0.9564078382060149,-2.540081735303364,-2.708267840301792,1.0,-0.7773236927590904,0.0
2020-06-24,-2.4950744078809475,-0.9564032697547683,-2.5417103332634667,-2.707608467826451,1.0,-0.7791867533011947,0.0
2020-06-25,-2.480016652789342,-0.9331806827643631,-2.5406952539550374,-2.6920274771024144,1.0,-0.7620732722731057,0.0
2020-06-26,-2.488423028785982,-0.9248018356278681,-2.5473508552357114,-2.701293283270755,1.0,-0.7678347934918648,0.0
2020-06-29,-2.4768335757323916,-0.9073343029295657,-2.547683357573239,-2.6907334302929566,1.0,-0.7660502804903386,0.0
2020-06-30,-2.4989056800416884,-0.8808754559666493,-2.5732152162584683,-2.7053673788431474,1.0,-0.7637311099531006,0.0
2020-07-01,-2.4869664554990134,-0.8775573787516877,-2.5578980164087652,-2.703811403053277,1.0,-0.759165022328383,0.0
2020-07-02,-2.4805855481727574,-0.8850705980066446,-2.5529485049833887,-2.6998546511627906,1.0,-0.7636004983388704,0.0
2020-07-06,-2.4849366299605236,-0.8858300436318305,-2.5537087055890297,-2.701849158528984,1.0,-0.7623104093081239,0.0
2020-07-07,-2.4642820221234363,-0.8913470484854751,-2.531686136669079,-2.6899617491988006,1.0,-0.7606740411454566,0.0
2020-07-08,-2.4627220156959937,-0.8891986782321356,-2.532527881040892,-2.6864931846344486,1.0,-0.7554729450640232,0.0
2020-07-09,-2.4565800330033003,-0.8915016501650165,-2.5252681518151814,-2.6821369636963697,1.0,-0.7580445544554455,0.0
2020-07-10,-2.4737930321513493,-0.8889692959784968,-2.541197146696992,-2.689754988111238,1.0,-0.7443399152279541,0.0
2020-07-13,-2.4786201198099564,-0.8866969634373063,-2.5413137781450112,-2.688080975005164,1.0,-0.7337326998554018,0.0
2020-07-14,-2.461308603812468,-0.8761463163317877,-2.52478104070067,-2.695414734672849,1.0,-0.7463163317877383,0.0
2020-07-15,-2.466446758066179,-0.8674363467683744,-2.5308731058653744,-2.6957014740748377,1.0,-0.7477579630965879,0.0
2020-07-16,-2.470279179973215,-0.8534047594519418,-2.5316781703925,-2.696095601112599,1.0,-0.7504893375914288,0.0
2020-07-17,-2.470473049572297,-0.853962691950943,-2.533134082242605,-2.6938060393692673,1.0,-0.7547150365866226,0.0
2020-07-20,-2.5209687565527363,-0.8816313692598028,-2.5750681484587963,-2.731914447473265,1.0,-0.7747955546236107,0.0
2020-07-21,-2.5043194268857984,-0.9049726085124316,-2.5700589970501473,-2.752528445006321,1.0,-0.8034134007585334,0.0
2020-07-22,-2.5010555203715428,-0.9161916824994722,-2.5674477517416086,-2.760924635845472,1.0,-0.8096896770107662,0.0
2020-07-23,-2.4710175145954962,-0.9163886572143453,-2.5325271059216012,-2.718411175979983,1.0,-0.7870100083402836,0.0
2020-07-24,-2.424201715407668,-0.9311770176707658,-2.485067686266405,-2.6847163377079672,1.0,-0.8086183734628501,0.0
2020-07-27,-2.4319991726135073,-0.9353604302409764,-2.485572448029786,-2.6914882614541322,1.0,-0.797807425793774,0.0
2020-07-28,-2.418664471653462,-0.9221113283259595,-2.463319271529993,-2.6801111225434715,1.0,-0.8048153102171005,0.0
2020-07-29,-2.43970893970894,-0.9332640332640333,-2.478690228690229,-2.6992723492723494,1.0,-0.8440748440748441,0.0
2020-07-30,-2.4327321724709785,-0.9215381426202323,-2.472636815920398,-2.692993366500829,1.0,-0.8449419568822554,0.0
2020-07-31,-2.4319360863249635,-0.9317285743930277,-2.4716746212907243,-2.6915335131770077,1.0,-0.8487238016185931,0.0
2020-08-03,-2.423484219269103,-0.9405107973421927,-2.4707225913621262,-2.688330564784053,1.0,-0.8590116279069766,0.0
2020-08-04,-2.2563399588759423,-0.8779007147752864,-2.2998139625966907,-2.513365318711446,1.0,-0.8441202389111916,0.0
2020-08-05,-2.2588166144200628,-0.8776449843260188,-2.300842476489028,-2.5134208463949843,1.0,-0.8455133228840125,0.0
2020-08-06,-2.258544706688865,-0.8709235138576045,-2.3027127607482125,-2.5128782685339335,1.0,-0.8483008520223289,0.0
2020-08-07,-2.2666535277887268,-0.8950532124556562,-2.311292865589279,-2.5126133228222307,1.0,-0.8684469846275128,0.0
2020-08-10,-2.229782270606532,-0.8855948678071539,-2.277118973561431,-2.4716174183514776,1.0,-0.8559486780715396,0.0
2020-08-11,-2.1987481945113143,-0.8916706788637458,-2.2389985556090517,-2.4387096774193546,1.0,-0.8612421762156958,0.0
2020-08-12,-2.195194905441914,-0.8980123504438441,-2.228097259745272,-2.4501157854110382,1.0,-0.8773639521420301,0.0
2020-08-13,-2.181669394435352,-0.9104650043323385,-2.2033310869355924,-2.443824010782709,1.0,-0.8881293925098681,0.0
2020-08-14,-2.166970016285085,-0.9043969728901236,-2.189864929590957,-2.4285851135166205,1.0,-0.8897403965897117,0.0
2020-08-17,-2.168407936355794,-0.9108597718776957,-2.1889197737946895,-2.4270104476181347,1.0,-0.8897728361928495,0.0
2020-08-18,-2.164096177794808,-0.9070792221477153,-2.1832551010633203,-2.4265734265734267,1.0,-0.8984577066768847,0.0
2020-08-19,-2.16248323433608,-0.913776585552788,-2.1746503161525195,-2.4217283004406975,1.0,-0.9076451427476528,0.0
2020-08-20,-2.1623382846190706,-0.9190225203641591,-2.1740297077144226,-2.4207954000958316,1.0,-0.906756109247724,0.0
2020-08-21,-2.1624784193362747,-0.9200076731248801,-2.1768655284864757,-2.423652407442931,1.0,-0.9084020717437176,0.0
2020-08-24,-2.164140445126631,-0.9188411358403684,-2.1813123561013046,-2.424309286262471,1.0,-0.9046431312356101,0.0
2020-08-25,-2.1632613908872904,-0.9259472422062351,-2.182062350119904,-2.4209112709832135,1.0,-0.9001438848920864,0.0
2020-08-26,-2.1552070383475184,-0.9247394090083197,-2.170699053265755,-2.4107296547767043,1.0,-0.9015970163526825,0.0
2020-08-27,-2.141751099216211,-0.9357675396673676,-2.1623016631619194,-2.4069967501433758,1.0,-0.9115847830242783,0.0
2020-08-28,-2.15077159014665,-0.9369308923607783,-2.1709000287549123,-2.4140707370842516,1.0,-0.91239336720023,0.0
2020-08-31,-2.1520989074180563,-0.9351159670308606,-2.1736630247268547,-2.4141268928502972,1.0,-0.909047345217558,0.0
2020-09-01,-2.1543482434248418,-0.9400076790170859,-2.170474179305049,-2.4212900748704165,1.0,-0.912651180648877,0.0
2020-09-02,-2.1473946838115343,-0.9359946262354861,-2.168601861625564,-2.4204011131369354,1.0,-0.9236157758372517,0.0
2020-09-03,-2.158811081185071,-0.9461331281262024,-2.180646402462486,-2.4215082724124666,1.0,-0.91198537899192,0.0
2020-09-04,-2.075535832310452,-0.9355112831649514,-2.0975356434708714,-2.398829194599188,1.0,-0.9345670852610707,0.0
2020-09-08,-2.068525519848771,-0.9430056710775047,-2.090453686200378,-2.3968809073724007,1.0,-0.9528355387523628,0.0
2020-09-09,-2.0184977578475336,-0.9545029895366218,-2.025691330343797,-2.369861733931241,1.0,-0.9737481315396114,0.0
2020-09-10,-1.993784210038037,-0.951758048056406,-1.99489748585212,-2.356062714537527,1.0,-0.9807959922070693,0.0
2020-09-11,-1.9825339617410591,-0.9537935495795212,-1.98743184548563,-2.342482210516588,1.0,-0.9750485167729416,0.0
2020-09-14,-1.9844487642321575,-0.949736184393224,-1.9902804776450986,-2.3486994353420347,1.0,-0.9836156623160233,0.0
2020-09-15,-1.976289325583541,-0.9432604483808469,-1.9750899529476889,-2.3439431681889475,1.0,-0.9872681981732632,0.0
2020-09-16,-1.9801220414201182,-0.935003698224852,-1.9740199704142012,-2.3496671597633134,1.0,-1.0068417159763312,0.0
2020-09-17,-1.9734578747803568,-0.9425691297512253,-1.9687413298806993,-2.347359659668917,1.0,-1.0159992601498196,0.0
2020-09-18,-1.96130458817026,-0.9357840427492169,-1.962870831030035,-2.336281555187028,1.0,-1.0168601437258153,0.0
2020-09-21,-1.9573468447719946,-0.940119760479042,-1.9682174113311839,-2.331552280055274,1.0,-1.0151082450483648,0.0
2020-09-22,-1.9595615327929254,-0.9345983787767133,-1.9756816507000736,-2.3259027266028003,1.0,-1.01584377302874,0.0
2020-09-23,-1.938749312305153,-0.9358151476251604,-1.9657986429488354,-2.3060700531817346,1.0,-1.0229231615624428,0.0
2020-09-24,-1.9133636363636364,-0.9100909090909092,-1.9382727272727274,-2.2934545454545456,1.0,-1.0356363636363635,0.0
2020-09-25,-1.915407029684939,-0.9151338553997451,-1.9395374248770716,-2.294755053724276,1.0,-1.0409761427790931,0.0
2020-09-28,-1.907776261937244,-0.9113233287858117,-1.9262391996361983,-2.2947703501591628,1.0,-1.0549340609367894,0.0
2020-09-29,-1.9043904208998548,-0.9024854862119013,-1.921988388969521,-2.2901850507982586,1.0,-1.051977503628447,0.0
2020-09-30,-1.9031994924317956,-0.9001178283331822,-1.9227771231759268,-2.2864134868122905,1.0,-1.0512100063446026,0.0
2020-10-01,-1.9017938032252217,-0.9031527450625113,-1.9202754122123573,-2.2847436129733647,1.0,-1.0496466751223048,0.0
2020-10-02,-1.9018115942028986,-0.8972826086956521,-1.9183876811594203,-2.28768115942029,1.0,-1.0526268115942028,0.0
2020-10-05,-1.8846918489065607,-0.9081872401951926,-1.899060184348455,-2.2826676305801556,1.0,-1.0620820531357311,0.0
2020-10-06,-1.8800035980930105,-0.8914275434019968,-1.8902581631735178,-2.2770531618242327,1.0,-1.0565800125933253,0.0
2020-10-07,-1.8696588868940753,-0.8988330341113105,-1.882495511669659,-2.2670556552962298,1.0,-1.058527827648115,0.0
2020-10-08,-1.8628239499553172,-0.8884718498659517,-1.8767649687220733,-2.2587131367292224,1.0,-1.0497765862377122,0.0
2020-10-09,-1.863202071613537,-0.8854361996606839,-1.876328243593178,-2.2552906509509776,1.0,-1.0491115278149834,0.0
2020-10-12,-1.8585326669046769,-0.8848625490896109,-1.8717422349161015,-2.252588361299536,1.0,-1.0576579792931096,0.0
2020-10-13,-1.8484605087014725,-0.8934404283801874,-1.8686300758589918,-2.2499776885319056,1.0,-1.064078536367693,0.0
2020-10-14,-1.8493664108513297,-0.8927360342673567,-1.8706942709262895,-2.248884526146707,1.0,-1.0621095841513475,0.0
2020-10-15,-1.846606617319183,-0.8910193525372336,-1.8694372603228397,-2.2465887808793368,1.0,-1.064567912244716,0.0
2020-10-16,-1.8437109723461196,-0.8980374665477252,-1.8632471008028546,-2.244959857270294,1.0,-1.0707404103479037,0.0
2020-10-19,-1.8426404995539696,-0.8975914362176628,-1.8616413916146295,-2.2454950936663693,1.0,-1.073148974130241,0.0
2020-10-20,-1.8351120597652082,-0.893721095695482,-1.8552116684453932,-2.2372821060120955,1.0,-1.0723052294557096,0.0
2020-10-21,-1.8351120597652082,-0.8938989683386696,-1.8553895410885806,-2.237015297047314,1.0,-1.0721273568125222,0.0
2020-10-22,-1.8343852786914392,-0.8926126766823717,-1.8534980887189971,-2.2364654635967645,1.0,-1.072806471686372,0.0
2020-10-23,-1.8367854920437372,-0.8894123922126411,-1.856520579607076,-2.2364654635967645,1.0,-1.0704951551249,0.0
2020-10-26,-1.836696595252911,-0.8891457018401635,-1.8563427860254245,-2.236643257178416,1.0,-1.0708507422882032,0.0
2020-10-27,-1.8295856940509914,-0.8784525495750708,-1.8557896600566572,-2.2308781869688383,1.0,-1.0580736543909348,0.0
2020-10-28,-1.8319907940161104,-0.8778436753120297,-1.856864654333009,-2.2308577498450917,1.0,-1.0544392316544215,0.0
2020-10-29,-1.7993334502718823,-0.8637081213822136,-1.839764953516927,-2.2161024381687424,1.0,-1.0514821961059464,0.0
2020-10-30,-1.7783563308166275,-0.8486505250368828,-1.814891955219995,-2.1906621539529634,1.0,-1.045821400676907,0.0
2020-11-02,-1.7611875703280535,-0.8423786029602701,-1.8052453908075825,-2.187483770449234,1.0,-1.0593785164026661,0.0
2020-11-03,-1.7643956424001384,-0.8382327511672142,-1.8058965934636002,-2.185889676638423,1.0,-1.0516168078851806,0.0
2020-11-04,-1.7606167628564044,-0.8221207683693685,-1.800068912050995,-2.1822723748815576,1.0,-1.0489275562063916,0.0
2020-11-05,-1.7098183687457162,-0.851525017135024,-1.7514564770390677,-2.1754626456477038,1.0,-1.0793351610692254,0.0
2020-11-06,-1.703906316779212,-0.8401572783998633,-1.7539105906487735,-2.176425335498761,1.0,-1.0733396016753567,0.0
